"ID","Exe.Time","Benchmark","Net","Disk","Maps","IO.SFac","Rep","IO.FBuf","Comp","Blk.size","Cluster","Pred.Exe.Time"
22226,3090,"kmeans","ETH","RR3",8,10,1,65536,"None",32,"Azure L",2833.70197178363
22222,2846,"kmeans","ETH","RR3",8,10,1,65536,"None",64,"Azure L",2807.76288630496
22211,2581,"kmeans","ETH","RL1",10,10,3,65536,"Snappy",128,"Azure L",2516.69688038458
22208,2847,"pagerank","ETH","RL1",10,10,3,65536,"Snappy",64,"Azure L",2935.84805491503
22204,4188,"dfsioe_write","ETH","RL1",10,10,3,65536,"Snappy",32,"Azure L",4059.37330847307
22203,3062,"dfsioe_read","ETH","RL1",10,10,3,65536,"Snappy",32,"Azure L",3089.53946447664
22202,2804,"pagerank","ETH","RL1",10,10,3,65536,"Snappy",32,"Azure L",2935.84805491503
22199,2749,"kmeans","ETH","RL1",10,10,3,65536,"Snappy",32,"Azure L",2594.5141368206
22198,4260,"dfsioe_write","ETH","RL1",10,10,3,65536,"Snappy",64,"Azure L",4045.90190530364
22190,2881,"pagerank","ETH","RL1",10,10,3,65536,"BZIP2",256,"Azure L",2935.84805491503
22185,2691,"dfsioe_read","ETH","RL1",10,10,3,65536,"BZIP2",128,"Azure L",3113.76149985823
22178,2869,"pagerank","ETH","RL1",10,10,3,65536,"BZIP2",64,"Azure L",2935.84805491503
22172,2776,"pagerank","ETH","RL1",10,10,3,65536,"BZIP2",32,"Azure L",2935.84805491503
22168,4318,"dfsioe_write","ETH","RL1",10,10,3,65536,"BZIP2",64,"Azure L",4045.90190530364
22163,2604,"kmeans","ETH","RL1",10,10,3,65536,"BZIP2",64,"Azure L",2568.57505134193
22154,2820,"pagerank","ETH","RL1",10,10,3,65536,"ZLIB",128,"Azure L",2935.84805491503
22146,1266,"wordcount","ETH","RL1",10,10,3,65536,"ZLIB",64,"Azure L",1289.99053588699
22144,4321,"dfsioe_write","ETH","RL1",10,10,3,65536,"ZLIB",32,"Azure L",4059.37330847307
22124,2925,"pagerank","ETH","RL1",10,10,3,65536,"None",128,"Azure L",2982.29770775953
22122,1295,"wordcount","ETH","RL1",10,10,3,65536,"None",128,"Azure L",1295.10175602849
22118,2821,"pagerank","ETH","RL1",10,10,3,65536,"None",64,"Azure L",2982.29770775953
22115,2604,"kmeans","ETH","RL1",10,10,3,65536,"None",64,"Azure L",2669.92280946817
22114,4452,"dfsioe_write","ETH","RL1",10,10,3,65536,"None",32,"Azure L",4118.72907577054
22110,1282,"wordcount","ETH","RL1",10,10,3,65536,"None",32,"Azure L",1291.8662818753
22108,4203,"dfsioe_write","ETH","RL1",10,10,3,65536,"None",64,"Azure L",4105.2576726011
22106,2855,"pagerank","ETH","RL1",10,10,3,65536,"None",64,"Azure L",2982.29770775953
22102,4065,"dfsioe_write","ETH","RL1",8,10,3,65536,"Snappy",256,"Azure L",3970.60064221544
22101,2854,"dfsioe_read","ETH","RL1",8,10,3,65536,"Snappy",256,"Azure L",3099.17430133632
22097,2727,"kmeans","ETH","RL1",8,10,3,65536,"Snappy",256,"Azure L",2565.74207269356
22092,1259,"wordcount","ETH","RL1",8,10,3,65536,"Snappy",128,"Azure L",1301.79829501834
22088,2667,"pagerank","ETH","RL1",8,10,3,65536,"Snappy",64,"Azure L",2790.57903856792
22077,3045,"dfsioe_read","ETH","RL1",8,10,3,65536,"Snappy",64,"Azure L",3091.21609824954
22076,2686,"pagerank","ETH","RL1",8,10,3,65536,"Snappy",64,"Azure L",2790.57903856792
22074,1292,"wordcount","ETH","RL1",8,10,3,65536,"Snappy",64,"Azure L",1299.64131224954
22072,4295,"dfsioe_write","ETH","RL1",8,10,3,65536,"BZIP2",256,"Azure L",3970.60064221544
22070,2769,"pagerank","ETH","RL1",8,10,3,65536,"BZIP2",256,"Azure L",2790.57903856792
22068,1250,"wordcount","ETH","RL1",8,10,3,65536,"BZIP2",256,"Azure L",1306.11226055593
22066,4231,"dfsioe_write","ETH","RL1",8,10,3,65536,"BZIP2",128,"Azure L",4024.48625489316
22061,2639,"kmeans","ETH","RL1",8,10,3,65536,"BZIP2",128,"Azure L",2669.49841460826
22054,4296,"dfsioe_write","ETH","RL1",8,10,3,65536,"BZIP2",32,"Azure L",4064.90046440146
22053,2867,"dfsioe_read","ETH","RL1",8,10,3,65536,"BZIP2",32,"Azure L",3089.88973106841
22049,3002,"kmeans","ETH","RL1",8,10,3,65536,"BZIP2",32,"Azure L",2747.31567104428
22048,4220,"dfsioe_write","ETH","RL1",8,10,3,65536,"BZIP2",64,"Azure L",4051.42906123203
22038,1244,"wordcount","ETH","RL1",8,10,3,65536,"ZLIB",256,"Azure L",1302.71827690838
22037,2739,"kmeans","ETH","RL1",8,10,3,65536,"ZLIB",256,"Azure L",2648.64082825567
22036,3937,"dfsioe_write","ETH","RL1",8,10,3,65536,"ZLIB",128,"Azure L",4024.48625489316
22026,1278,"wordcount","ETH","RL1",8,10,3,65536,"ZLIB",64,"Azure L",1296.24732860199
22017,2961,"dfsioe_read","ETH","RL1",8,10,3,65536,"ZLIB",64,"Azure L",3078.41226162219
22013,2809,"kmeans","ETH","RL1",8,10,3,65536,"ZLIB",64,"Azure L",2804.27534112771
22010,2696,"pagerank","ETH","RL1",8,10,3,65536,"None",256,"Azure L",2987.42424056594
22008,1253,"wordcount","ETH","RL1",8,10,3,65536,"None",256,"Azure L",1305.67251428108
22006,4289,"dfsioe_write","ETH","RL1",8,10,3,65536,"None",128,"Azure L",4083.84202219063
22002,1257,"wordcount","ETH","RL1",8,10,3,65536,"None",128,"Azure L",1301.35854874349
22001,2654,"kmeans","ETH","RL1",8,10,3,65536,"None",128,"Azure L",2770.8461727345
22000,4192,"dfsioe_write","ETH","RL1",8,10,3,65536,"None",64,"Azure L",4110.78482852949
21992,2653,"pagerank","ETH","RL1",8,10,3,65536,"None",32,"Azure L",2987.42424056594
21983,2782,"kmeans","ETH","RL1",8,10,3,65536,"None",64,"Azure L",2822.72434369185
21978,1399,"wordcount","ETH","RL1",10,10,2,65536,"Snappy",256,"Azure L",1294.3032626822
21968,2870,"pagerank","ETH","RL1",10,10,2,65536,"Snappy",64,"Azure L",2837.38800836418
21966,1278,"wordcount","ETH","RL1",10,10,2,65536,"Snappy",64,"Azure L",1287.83231437581
21962,2923,"pagerank","ETH","RL1",10,10,2,65536,"Snappy",32,"Azure L",2837.38800836418
21959,2742,"kmeans","ETH","RL1",10,10,2,65536,"Snappy",32,"Azure L",2536.1361375982
21956,2862,"pagerank","ETH","RL1",10,10,2,65536,"Snappy",64,"Azure L",2837.38800836418
21951,2756,"dfsioe_read","ETH","RL1",10,10,2,65536,"BZIP2",256,"Azure L",3151.86720186122
21932,2892,"pagerank","ETH","RL1",10,10,2,65536,"BZIP2",32,"Azure L",2837.38800836418
21924,1271,"wordcount","ETH","RL1",10,10,2,65536,"BZIP2",64,"Azure L",1287.83231437581
21920,2820,"pagerank","ETH","RL1",10,10,2,65536,"ZLIB",256,"Azure L",2837.38800836418
21916,2732,"dfsioe_write","ETH","RL1",10,10,2,65536,"ZLIB",128,"Azure L",2583.6246935577
21911,2546,"kmeans","ETH","RL1",10,10,2,65536,"ZLIB",128,"Azure L",2541.21763672429
21910,2680,"dfsioe_write","ETH","RL1",10,10,2,65536,"ZLIB",64,"Azure L",2555.29774132368
21909,3082,"dfsioe_read","ETH","RL1",10,10,2,65536,"ZLIB",64,"Azure L",3179.06908323696
21905,2600,"kmeans","ETH","RL1",10,10,2,65536,"ZLIB",64,"Azure L",2593.09580768163
21894,1271,"wordcount","ETH","RL1",10,10,2,65536,"ZLIB",64,"Azure L",1284.43833072825
21893,2570,"kmeans","ETH","RL1",10,10,2,65536,"ZLIB",64,"Azure L",2593.09580768163
21892,2552,"dfsioe_write","ETH","RL1",10,10,2,65536,"None",256,"Azure L",2866.36592778129
21888,1400,"wordcount","ETH","RL1",10,10,2,65536,"None",256,"Azure L",1293.86351640735
21887,2626,"kmeans","ETH","RL1",10,10,2,65536,"None",256,"Azure L",2455.91029737373
21885,3003,"dfsioe_read","ETH","RL1",10,10,2,65536,"None",128,"Azure L",3165.7338439026
21872,2891,"pagerank","ETH","RL1",10,10,2,65536,"None",32,"Azure L",2883.83766120868
21870,1276,"wordcount","ETH","RL1",10,10,2,65536,"None",32,"Azure L",1286.31407671656
21869,2721,"kmeans","ETH","RL1",10,10,2,65536,"None",32,"Azure L",2637.48389572445
21868,2670,"dfsioe_write","ETH","RL1",10,10,2,65536,"None",64,"Azure L",2723.59808852185
21864,1271,"wordcount","ETH","RL1",10,10,2,65536,"None",64,"Azure L",1287.39256810096
21862,2678,"dfsioe_write","ETH","RL1",8,10,2,65536,"Snappy",256,"Azure L",2717.25875949344
21861,2722,"dfsioe_read","ETH","RL1",8,10,2,65536,"Snappy",256,"Azure L",3167.13030121992
20368,3002,"kmeans","ETH","RL1",8,10,2,65536,"Snappy",32,"Azure L",2688.93767182187
20360,2729,"dfsioe_read","ETH","RL1",8,10,2,65536,"BZIP2",256,"Azure L",3167.13030121992
20354,2816,"dfsioe_read","ETH","RL1",8,10,2,65536,"BZIP2",128,"Azure L",3161.8248324954
20351,1268,"wordcount","ETH","RL1",8,10,2,65536,"BZIP2",128,"Azure L",1296.2460898596
20330,2983,"dfsioe_read","ETH","RL1",8,10,2,65536,"ZLIB",256,"Azure L",3154.32646459257
20327,1245,"wordcount","ETH","RL1",8,10,2,65536,"ZLIB",256,"Azure L",1297.16607174964
20314,2792,"kmeans","ETH","RL1",8,10,2,65536,"ZLIB",64,"Azure L",2745.89734190531
20312,3074,"dfsioe_read","ETH","RL1",8,10,2,65536,"ZLIB",32,"Azure L",3145.04189432466
20311,2751,"pagerank","ETH","RL1",8,10,2,65536,"ZLIB",32,"Azure L",2692.11899201706
20308,3014,"kmeans","ETH","RL1",8,10,2,65536,"ZLIB",32,"Azure L",2771.83642738398
20300,3035,"dfsioe_read","ETH","RL1",8,10,2,65536,"None",256,"Azure L",3154.32646459257
20299,2696,"pagerank","ETH","RL1",8,10,2,65536,"None",256,"Azure L",2888.96419401509
20277,2551,"dfsioe_write","ETH","RL1",8,10,2,65536,"None",64,"Azure L",2849.16629375628
20275,2667,"pagerank","ETH","RL1",8,10,2,65536,"None",64,"Azure L",2888.96419401509
20273,1279,"wordcount","ETH","RL1",8,10,2,65536,"None",64,"Azure L",1293.64936081596
20269,2825,"pagerank","ETH","RL1",10,10,1,65536,"Snappy",256,"Azure L",2738.92796181333
20265,1344,"dfsioe_write","ETH","RL1",10,10,1,65536,"Snappy",128,"Azure L",1548.5215470735
20261,1303,"wordcount","ETH","RL1",10,10,1,65536,"Snappy",128,"Azure L",1284.43709198587
20259,1353,"dfsioe_write","ETH","RL1",10,10,1,65536,"Snappy",64,"Azure L",1572.89988807134
20249,1290,"wordcount","ETH","RL1",10,10,1,65536,"Snappy",32,"Azure L",1281.20161783268
20247,1281,"dfsioe_write","ETH","RL1",10,10,1,65536,"Snappy",64,"Azure L",1572.89988807134
20233,2899,"pagerank","ETH","RL1",10,10,1,65536,"BZIP2",128,"Azure L",2738.92796181333
20230,2524,"kmeans","ETH","RL1",10,10,1,65536,"BZIP2",128,"Azure L",2399.94088193978
20219,1280,"wordcount","ETH","RL1",10,10,1,65536,"BZIP2",32,"Azure L",1281.20161783268
20217,1293,"dfsioe_write","ETH","RL1",10,10,1,65536,"BZIP2",64,"Azure L",1572.89988807134
20215,2870,"pagerank","ETH","RL1",10,10,1,65536,"BZIP2",64,"Azure L",2738.92796181333
20212,2556,"kmeans","ETH","RL1",10,10,1,65536,"BZIP2",64,"Azure L",2451.81905289712
20207,1394,"wordcount","ETH","RL1",10,10,1,65536,"ZLIB",256,"Azure L",1285.35707387591
20204,4015,"dfsioe_read","ETH","RL1",10,10,1,65536,"ZLIB",128,"Azure L",3658.96856411725
20199,1248,"dfsioe_write","ETH","RL1",10,10,1,65536,"ZLIB",64,"Azure L",1572.89988807134
20198,3835,"dfsioe_read","ETH","RL1",10,10,1,65536,"ZLIB",64,"Azure L",3656.31582975499
20194,2571,"kmeans","ETH","RL1",10,10,1,65536,"ZLIB",64,"Azure L",2534.71780845923
20193,1312,"dfsioe_write","ETH","RL1",10,10,1,65536,"ZLIB",32,"Azure L",1585.08905857026
20181,1282,"dfsioe_write","ETH","RL1",10,10,1,65536,"None",256,"Azure L",1574.57969574589
20179,2936,"pagerank","ETH","RL1",10,10,1,65536,"None",256,"Azure L",2785.37761465783
20168,4016,"dfsioe_read","ETH","RL1",10,10,1,65536,"None",64,"Azure L",3656.31582975499
20165,1275,"wordcount","ETH","RL1",10,10,1,65536,"None",64,"Azure L",1281.84036294223
20161,2885,"pagerank","ETH","RL1",10,10,1,65536,"None",32,"Azure L",2785.37761465783
20151,1346,"dfsioe_write","ETH","RL1",8,10,1,65536,"Snappy",256,"Azure L",1429.78160379705
20143,2707,"pagerank","ETH","RL1",8,10,1,65536,"Snappy",128,"Azure L",2593.65894546621
20141,1254,"wordcount","ETH","RL1",8,10,1,65536,"Snappy",128,"Azure L",1290.69388470087
20138,4207,"dfsioe_read","ETH","RL1",8,10,1,65536,"Snappy",64,"Azure L",3747.53212890766
20134,2775,"kmeans","ETH","RL1",8,10,1,65536,"Snappy",64,"Azure L",2604.6205871208
20126,3791,"dfsioe_read","ETH","RL1",8,10,1,65536,"Snappy",64,"Azure L",3747.53212890766
20123,1277,"wordcount","ETH","RL1",8,10,1,65536,"Snappy",64,"Azure L",1288.53690193207
20120,4447,"dfsioe_read","ETH","RL1",8,10,1,65536,"BZIP2",256,"Azure L",3755.49033199444
20119,2665,"pagerank","ETH","RL1",8,10,1,65536,"BZIP2",256,"Azure L",2593.65894546621
20117,1242,"wordcount","ETH","RL1",8,10,1,65536,"BZIP2",256,"Azure L",1295.00785023846
20108,3946,"dfsioe_read","ETH","RL1",8,10,1,65536,"BZIP2",64,"Azure L",3747.53212890766
20105,1284,"wordcount","ETH","RL1",8,10,1,65536,"BZIP2",64,"Azure L",1288.53690193207
20099,1326,"wordcount","ETH","RL1",8,10,1,65536,"BZIP2",32,"Azure L",1287.45841054767
20097,1270,"dfsioe_write","ETH","RL1",8,10,1,65536,"BZIP2",64,"Azure L",1502.91662679056
20095,2645,"pagerank","ETH","RL1",8,10,1,65536,"BZIP2",64,"Azure L",2593.65894546621
20091,1340,"dfsioe_write","ETH","RL1",8,10,1,65536,"ZLIB",256,"Azure L",1429.78160379705
20087,1255,"wordcount","ETH","RL1",8,10,1,65536,"ZLIB",256,"Azure L",1291.61386659091
20080,2619,"kmeans","ETH","RL1",8,10,1,65536,"ZLIB",128,"Azure L",2635.64117172556
20078,4212,"dfsioe_read","ETH","RL1",8,10,1,65536,"ZLIB",64,"Azure L",3734.72829228031
20073,1324,"dfsioe_write","ETH","RL1",8,10,1,65536,"ZLIB",32,"Azure L",1515.10579728948
20071,2782,"pagerank","ETH","RL1",8,10,1,65536,"ZLIB",32,"Azure L",2593.65894546621
20068,2989,"kmeans","ETH","RL1",8,10,1,65536,"ZLIB",32,"Azure L",2713.45842816158
20065,2622,"pagerank","ETH","RL1",8,10,1,65536,"ZLIB",64,"Azure L",2593.65894546621
18898,1343,"dfsioe_write","ETH","RL1",8,10,1,65536,"None",256,"Azure L",1504.5964344651
18894,1246,"wordcount","ETH","RL1",8,10,1,65536,"None",256,"Azure L",1294.56810396362
18893,2650,"kmeans","ETH","RL1",8,10,1,65536,"None",256,"Azure L",2550.333832375
18892,1275,"dfsioe_write","ETH","RL1",8,10,1,65536,"None",128,"Azure L",1553.35311646078
18891,4203,"dfsioe_read","ETH","RL1",8,10,1,65536,"None",128,"Azure L",3677.44456633648
18886,1319,"dfsioe_write","ETH","RL1",8,10,1,65536,"None",64,"Azure L",1577.73145745862
18882,1291,"wordcount","ETH","RL1",8,10,1,65536,"None",64,"Azure L",1288.09715565722
18870,1291,"wordcount","ETH","RL1",8,10,1,65536,"None",64,"Azure L",1288.09715565722
18866,2853,"pagerank","ETH","RL2",10,10,3,65536,"Snappy",256,"Azure L",2915.05371052693
18858,1301,"wordcount","ETH","RL2",10,10,3,65536,"Snappy",128,"Azure L",1292.9748037624
18856,4653,"dfsioe_write","ETH","RL2",10,10,3,65536,"Snappy",64,"Azure L",4275.37664842017
18850,4811,"dfsioe_write","ETH","RL2",10,10,3,65536,"Snappy",32,"Azure L",4288.8480515896
18848,2814,"pagerank","ETH","RL2",10,10,3,65536,"Snappy",32,"Azure L",2915.05371052693
18844,4792,"dfsioe_write","ETH","RL2",10,10,3,65536,"Snappy",64,"Azure L",4275.37664842017
18843,2842,"dfsioe_read","ETH","RL2",10,10,3,65536,"Snappy",64,"Azure L",2987.00920047223
18842,2886,"pagerank","ETH","RL2",10,10,3,65536,"Snappy",64,"Azure L",2915.05371052693
18840,1270,"wordcount","ETH","RL2",10,10,3,65536,"Snappy",64,"Azure L",1290.8178209936
18833,2630,"kmeans","ETH","RL2",10,10,3,65536,"BZIP2",256,"Azure L",2405.0664455812
18831,2662,"dfsioe_read","ETH","RL2",10,10,3,65536,"BZIP2",128,"Azure L",2942.15382099939
18828,1293,"wordcount","ETH","RL2",10,10,3,65536,"BZIP2",128,"Azure L",1292.9748037624
18827,2549,"kmeans","ETH","RL2",10,10,3,65536,"BZIP2",128,"Azure L",2508.8227874959
18824,2827,"pagerank","ETH","RL2",10,10,3,65536,"BZIP2",64,"Azure L",2915.05371052693
18820,4689,"dfsioe_write","ETH","RL2",10,10,3,65536,"BZIP2",32,"Azure L",4288.8480515896
18818,2786,"pagerank","ETH","RL2",10,10,3,65536,"BZIP2",32,"Azure L",2915.05371052693
18814,4715,"dfsioe_write","ETH","RL2",10,10,3,65536,"BZIP2",64,"Azure L",4275.37664842017
18810,1272,"wordcount","ETH","RL2",10,10,3,65536,"BZIP2",64,"Azure L",1290.8178209936
18803,2582,"kmeans","ETH","RL2",10,10,3,65536,"ZLIB",256,"Azure L",2487.96520114331
18795,2959,"dfsioe_read","ETH","RL2",10,10,3,65536,"ZLIB",64,"Azure L",2962.06372993143
18789,3082,"dfsioe_read","ETH","RL2",10,10,3,65536,"ZLIB",32,"Azure L",2984.49141966785
18788,2916,"pagerank","ETH","RL2",10,10,3,65536,"ZLIB",32,"Azure L",2915.05371052693
18782,2941,"pagerank","ETH","RL2",10,10,3,65536,"ZLIB",64,"Azure L",2915.05371052693
18778,4556,"dfsioe_write","ETH","RL2",10,10,3,65536,"None",256,"Azure L",4253.90399670104
18773,2568,"kmeans","ETH","RL2",10,10,3,65536,"None",256,"Azure L",2506.41420370745
18771,2848,"dfsioe_read","ETH","RL2",10,10,3,65536,"None",128,"Azure L",2917.20835045859
18765,2972,"pagerank","ETH","RL2",10,10,3,65536,"None",64,"Azure L",2961.50336337143
18760,2935,"dfsioe_read","ETH","RL2",10,10,3,65536,"None",32,"Azure L",2984.49141966785
18757,1281,"wordcount","ETH","RL2",10,10,3,65536,"None",32,"Azure L",1289.29958333435
18750,2602,"kmeans","ETH","RL2",10,10,3,65536,"None",64,"Azure L",2662.04871657949
18749,4378,"dfsioe_write","ETH","RL2",8,10,3,65536,"Snappy",256,"Azure L",4200.07538533196
18748,2732,"dfsioe_read","ETH","RL2",8,10,3,65536,"Snappy",256,"Azure L",2866.50325755772
18747,2742,"pagerank","ETH","RL2",8,10,3,65536,"Snappy",256,"Azure L",2769.50367227689
18744,2722,"kmeans","ETH","RL2",8,10,3,65536,"Snappy",256,"Azure L",2557.86797980488
18742,2797,"dfsioe_read","ETH","RL2",8,10,3,65536,"Snappy",128,"Azure L",2956.21401650339
18738,2645,"kmeans","ETH","RL2",8,10,3,65536,"Snappy",128,"Azure L",2661.62432171957
18732,2810,"kmeans","ETH","RL2",8,10,3,65536,"Snappy",64,"Azure L",2713.50249267692
18729,2683,"pagerank","ETH","RL2",8,10,3,65536,"Snappy",32,"Azure L",2769.50367227689
18727,1324,"wordcount","ETH","RL2",8,10,3,65536,"Snappy",32,"Azure L",1295.9961223242
18718,2878,"dfsioe_read","ETH","RL2",8,10,3,65536,"BZIP2",256,"Azure L",2866.50325755772
18709,1262,"wordcount","ETH","RL2",8,10,3,65536,"BZIP2",128,"Azure L",1299.2315964774
18708,2653,"kmeans","ETH","RL2",8,10,3,65536,"BZIP2",128,"Azure L",2661.62432171957
18707,4605,"dfsioe_write","ETH","RL2",8,10,3,65536,"BZIP2",64,"Azure L",4280.90380434856
18706,3104,"dfsioe_read","ETH","RL2",8,10,3,65536,"BZIP2",64,"Azure L",3001.06939597623
18701,4866,"dfsioe_write","ETH","RL2",8,10,3,65536,"BZIP2",32,"Azure L",4294.37520751799
18699,2697,"pagerank","ETH","RL2",8,10,3,65536,"BZIP2",32,"Azure L",2769.50367227689
18697,1331,"wordcount","ETH","RL2",8,10,3,65536,"BZIP2",32,"Azure L",1295.9961223242
18696,3005,"kmeans","ETH","RL2",8,10,3,65536,"BZIP2",32,"Azure L",2739.44157815559
18695,4736,"dfsioe_write","ETH","RL2",8,10,3,65536,"BZIP2",64,"Azure L",4280.90380434856
18691,1277,"wordcount","ETH","RL2",8,10,3,65536,"BZIP2",64,"Azure L",1297.0746137086
18688,2634,"dfsioe_read","ETH","RL2",8,10,3,65536,"ZLIB",256,"Azure L",2841.55778701692
18684,2731,"kmeans","ETH","RL2",8,10,3,65536,"ZLIB",256,"Azure L",2640.76673536698
18675,2684,"pagerank","ETH","RL2",8,10,3,65536,"ZLIB",64,"Azure L",2769.50367227689
18667,1325,"wordcount","ETH","RL2",8,10,3,65536,"ZLIB",32,"Azure L",1292.60213867665
18651,2727,"pagerank","ETH","RL2",8,10,3,65536,"None",128,"Azure L",2966.34887427491
18637,1338,"wordcount","ETH","RL2",8,10,3,65536,"None",32,"Azure L",1295.55637604935
18635,4672,"dfsioe_write","ETH","RL2",8,10,3,65536,"None",64,"Azure L",4340.25957164602
18633,2649,"pagerank","ETH","RL2",8,10,3,65536,"None",64,"Azure L",2966.34887427491
18628,2926,"dfsioe_read","ETH","RL2",10,10,2,65536,"Snappy",256,"Azure L",3005.78915072716
18617,2568,"dfsioe_write","ETH","RL2",10,10,2,65536,"Snappy",64,"Azure L",2610.54015561868
18615,2919,"pagerank","ETH","RL2",10,10,2,65536,"Snappy",64,"Azure L",2816.59366397608
18613,1262,"wordcount","ETH","RL2",10,10,2,65536,"Snappy",64,"Azure L",1285.26561583487
18609,2953,"pagerank","ETH","RL2",10,10,2,65536,"Snappy",32,"Azure L",2816.59366397608
18607,1281,"wordcount","ETH","RL2",10,10,2,65536,"Snappy",32,"Azure L",1284.18712445047
18606,2743,"kmeans","ETH","RL2",10,10,2,65536,"Snappy",32,"Azure L",2528.26204470952
18601,1270,"wordcount","ETH","RL2",10,10,2,65536,"Snappy",64,"Azure L",1285.26561583487
18600,2589,"kmeans","ETH","RL2",10,10,2,65536,"Snappy",64,"Azure L",2502.32295923084
18597,2892,"pagerank","ETH","RL2",10,10,2,65536,"BZIP2",256,"Azure L",2816.59366397608
18589,1292,"wordcount","ETH","RL2",10,10,2,65536,"BZIP2",128,"Azure L",1287.42259860367
18569,2616,"dfsioe_write","ETH","RL2",10,10,2,65536,"ZLIB",256,"Azure L",2695.52101232074
18561,2863,"pagerank","ETH","RL2",10,10,2,65536,"ZLIB",128,"Azure L",2816.59366397608
18556,3064,"dfsioe_read","ETH","RL2",10,10,2,65536,"ZLIB",64,"Azure L",3115.40981860487
18547,1279,"wordcount","ETH","RL2",10,10,2,65536,"ZLIB",32,"Azure L",1280.79314080291
18534,2582,"kmeans","ETH","RL2",10,10,2,65536,"None",256,"Azure L",2448.03620448505
18521,2915,"dfsioe_read","ETH","RL2",8,10,2,65536,"None",128,"Azure L",3084.61463463604
18514,2961,"dfsioe_read","ETH","RL2",8,10,2,65536,"None",64,"Azure L",3129.47001410888
18509,3860,"dfsioe_read","ETH","RL2",10,10,1,65536,"Snappy",128,"Azure L",3701.60071668595
18506,1300,"wordcount","ETH","RL2",10,10,1,65536,"Snappy",128,"Azure L",1281.87039344493
18500,1272,"wordcount","ETH","RL2",10,10,1,65536,"Snappy",64,"Azure L",1279.71341067613
18497,3719,"dfsioe_read","ETH","RL2",10,10,1,65536,"Snappy",32,"Azure L",3792.97795634141
18496,2804,"pagerank","ETH","RL2",10,10,1,65536,"Snappy",32,"Azure L",2718.13361742523
18494,1281,"wordcount","ETH","RL2",10,10,1,65536,"Snappy",32,"Azure L",1278.63491929174
18485,3785,"dfsioe_read","ETH","RL2",10,10,1,65536,"BZIP2",256,"Azure L",3579.76439714533
18484,2821,"pagerank","ETH","RL2",10,10,1,65536,"BZIP2",256,"Azure L",2718.13361742523
18481,2620,"kmeans","ETH","RL2",10,10,1,65536,"BZIP2",256,"Azure L",2288.3104471364
18480,1365,"dfsioe_write","ETH","RL2",10,10,1,65536,"BZIP2",128,"Azure L",1550.82945127818
18479,4432,"dfsioe_read","ETH","RL2",10,10,1,65536,"BZIP2",128,"Azure L",3701.60071668595
18478,2849,"pagerank","ETH","RL2",10,10,1,65536,"BZIP2",128,"Azure L",2718.13361742523
18467,1288,"wordcount","ETH","RL2",10,10,1,65536,"BZIP2",32,"Azure L",1278.63491929174
18454,2634,"kmeans","ETH","RL2",10,10,1,65536,"ZLIB",256,"Azure L",2371.20920269851
18452,3538,"dfsioe_read","ETH","RL2",10,10,1,65536,"ZLIB",128,"Azure L",3676.65524614515
18448,2501,"kmeans","ETH","RL2",10,10,1,65536,"ZLIB",128,"Azure L",2474.9655446132
18445,2856,"pagerank","ETH","RL2",10,10,1,65536,"ZLIB",64,"Azure L",2718.13361742523
18434,4256,"dfsioe_read","ETH","RL2",10,10,1,65536,"ZLIB",64,"Azure L",3737.57340591545
18431,1281,"wordcount","ETH","RL2",10,10,1,65536,"ZLIB",64,"Azure L",1276.31942702858
18423,1302,"dfsioe_write","ETH","RL2",10,10,1,65536,"None",128,"Azure L",1625.64428194624
18422,3939,"dfsioe_read","ETH","RL2",10,10,1,65536,"None",128,"Azure L",3676.65524614515
18419,1296,"wordcount","ETH","RL2",10,10,1,65536,"None",128,"Azure L",1281.43064717008
18417,1304,"dfsioe_write","ETH","RL2",10,10,1,65536,"None",64,"Azure L",1650.02262294408
18416,4300,"dfsioe_read","ETH","RL2",10,10,1,65536,"None",64,"Azure L",3737.57340591545
18415,2863,"pagerank","ETH","RL2",10,10,1,65536,"None",64,"Azure L",2764.58327026972
18412,2554,"kmeans","ETH","RL2",10,10,1,65536,"None",64,"Azure L",2545.29271813469
18410,4130,"dfsioe_read","ETH","RL2",10,10,1,65536,"None",32,"Azure L",3768.03248580061
18407,1288,"wordcount","ETH","RL2",10,10,1,65536,"None",32,"Azure L",1278.19517301689
18406,2710,"kmeans","ETH","RL2",10,10,1,65536,"None",32,"Azure L",2571.23180361336
18398,3951,"dfsioe_read","ETH","RL2",8,10,1,65536,"Snappy",256,"Azure L",3593.82459264934
18397,2686,"pagerank","ETH","RL2",8,10,1,65536,"Snappy",256,"Azure L",2572.58357917519
18393,1225,"dfsioe_write","ETH","RL2",8,10,1,65536,"Snappy",128,"Azure L",1480.8461899974
18383,1290,"wordcount","ETH","RL2",8,10,1,65536,"Snappy",64,"Azure L",1285.97020339113
18379,2604,"pagerank","ETH","RL2",8,10,1,65536,"Snappy",32,"Azure L",2572.58357917519
18375,1284,"dfsioe_write","ETH","RL2",8,10,1,65536,"Snappy",64,"Azure L",1505.22453099524
18370,2768,"kmeans","ETH","RL2",8,10,1,65536,"Snappy",64,"Azure L",2596.74649423212
18369,1372,"dfsioe_write","ETH","RL2",8,10,1,65536,"BZIP2",256,"Azure L",1432.08950800173
18367,2645,"pagerank","ETH","RL2",8,10,1,65536,"BZIP2",256,"Azure L",2572.58357917519
18362,4024,"dfsioe_read","ETH","RL2",8,10,1,65536,"BZIP2",128,"Azure L",3715.66091218995
18355,2713,"pagerank","ETH","RL2",8,10,1,65536,"BZIP2",64,"Azure L",2572.58357917519
18352,2751,"kmeans","ETH","RL2",8,10,1,65536,"BZIP2",64,"Azure L",2596.74649423212
18350,4226,"dfsioe_read","ETH","RL2",8,10,1,65536,"BZIP2",32,"Azure L",3807.03815184541
18349,2715,"pagerank","ETH","RL2",8,10,1,65536,"BZIP2",32,"Azure L",2572.58357917519
18347,1330,"wordcount","ETH","RL2",8,10,1,65536,"BZIP2",32,"Azure L",1284.89171200673
18341,1279,"wordcount","ETH","RL2",8,10,1,65536,"BZIP2",64,"Azure L",1285.97020339113
18328,2637,"kmeans","ETH","RL2",8,10,1,65536,"ZLIB",128,"Azure L",2627.76707883688
18326,3765,"dfsioe_read","ETH","RL2",8,10,1,65536,"ZLIB",64,"Azure L",3751.63360141946
18323,1278,"wordcount","ETH","RL2",8,10,1,65536,"ZLIB",64,"Azure L",1282.57621974358
18316,2976,"kmeans","ETH","RL2",8,10,1,65536,"ZLIB",32,"Azure L",2705.5843352729
18311,1279,"wordcount","ETH","RL2",8,10,1,65536,"ZLIB",64,"Azure L",1282.57621974358
18310,1369,"kmeans","ETH","RL2",8,10,1,65536,"ZLIB",64,"Azure L",2679.64524979422
18304,2671,"kmeans","ETH","RL2",8,10,1,65536,"None",256,"Azure L",2542.45973948632
18293,1279,"wordcount","ETH","RL2",8,10,1,65536,"None",64,"Azure L",1285.53045711628
18290,3981,"dfsioe_read","ETH","RL2",8,10,1,65536,"None",32,"Azure L",3782.09268130461
18287,1323,"wordcount","ETH","RL2",8,10,1,65536,"None",32,"Azure L",1284.45196573188
18285,1396,"dfsioe_write","ETH","RL2",8,10,1,65536,"None",64,"Azure L",1580.0393616633
18274,2584,"kmeans","ETH","RL3",10,10,3,65536,"Snappy",256,"Azure L",2463.10670487138
18273,4359,"dfsioe_write","ETH","RL3",10,10,3,65536,"Snappy",128,"Azure L",4482.14785490879
18272,2847,"dfsioe_read","ETH","RL3",10,10,3,65536,"Snappy",128,"Azure L",2930.86447532017
18267,4533,"dfsioe_write","ETH","RL3",10,10,3,65536,"Snappy",64,"Azure L",4509.09066124765
18259,2827,"pagerank","ETH","RL3",10,10,3,65536,"Snappy",32,"Azure L",3001.30255737839
18254,3005,"dfsioe_read","ETH","RL3",10,10,3,65536,"Snappy",64,"Azure L",2975.71985479301
18248,2648,"dfsioe_read","ETH","RL3",10,10,3,65536,"BZIP2",256,"Azure L",2841.15371637449
18245,1398,"wordcount","ETH","RL3",10,10,3,65536,"BZIP2",256,"Azure L",1307.41098235537
18238,2533,"kmeans","ETH","RL3",10,10,3,65536,"BZIP2",128,"Azure L",2566.86304678607
18235,2871,"pagerank","ETH","RL3",10,10,3,65536,"BZIP2",64,"Azure L",3001.30255737839
18232,2594,"kmeans","ETH","RL3",10,10,3,65536,"BZIP2",64,"Azure L",2618.74121774342
18229,2894,"pagerank","ETH","RL3",10,10,3,65536,"BZIP2",32,"Azure L",3001.30255737839
18227,1280,"wordcount","ETH","RL3",10,10,3,65536,"BZIP2",32,"Azure L",1299.86154266458
18226,2746,"kmeans","ETH","RL3",10,10,3,65536,"BZIP2",32,"Azure L",2644.68030322209
18220,2616,"kmeans","ETH","RL3",10,10,3,65536,"BZIP2",64,"Azure L",2618.74121774342
18218,2849,"dfsioe_read","ETH","RL3",10,10,3,65536,"ZLIB",256,"Azure L",2816.20824583369
18217,2813,"pagerank","ETH","RL3",10,10,3,65536,"ZLIB",256,"Azure L",3001.30255737839
18208,2560,"kmeans","ETH","RL3",10,10,3,65536,"ZLIB",128,"Azure L",2649.76180234818
18205,2924,"pagerank","ETH","RL3",10,10,3,65536,"ZLIB",64,"Azure L",3001.30255737839
18202,2601,"kmeans","ETH","RL3",10,10,3,65536,"ZLIB",64,"Azure L",2701.63997330553
18200,2999,"dfsioe_read","ETH","RL3",10,10,3,65536,"ZLIB",32,"Azure L",2973.20207398863
18188,2690,"dfsioe_read","ETH","RL3",10,10,3,65536,"None",256,"Azure L",2816.20824583369
18183,4362,"dfsioe_write","ETH","RL3",10,10,3,65536,"None",128,"Azure L",4541.50362220625
18182,2643,"dfsioe_read","ETH","RL3",10,10,3,65536,"None",128,"Azure L",2905.91900477937
18171,4637,"dfsioe_write","ETH","RL3",10,10,3,65536,"None",32,"Azure L",4581.91783171455
18167,1284,"wordcount","ETH","RL3",10,10,3,65536,"None",32,"Azure L",1299.42179638974
11086,2935,"dfsioe_read","ETH","RL3",10,10,3,65536,"None",64,"Azure L",2950.77438425221
11082,2615,"kmeans","ETH","RL3",10,10,3,65536,"None",64,"Azure L",2720.08897586967
11081,4678,"dfsioe_write","ETH","RL3",8,10,3,65536,"Snappy",256,"Azure L",4433.78939815945
11075,4558,"dfsioe_write","ETH","RL3",8,10,3,65536,"Snappy",128,"Azure L",4487.67501083718
11074,2896,"dfsioe_read","ETH","RL3",8,10,3,65536,"Snappy",128,"Azure L",2944.92467082418
11071,1256,"wordcount","ETH","RL3",8,10,3,65536,"Snappy",128,"Azure L",1309.35380953278
11070,2633,"kmeans","ETH","RL3",8,10,3,65536,"Snappy",128,"Azure L",2719.66458100975
11065,1278,"wordcount","ETH","RL3",8,10,3,65536,"Snappy",64,"Azure L",1307.19682676398
11063,4655,"dfsioe_write","ETH","RL3",8,10,3,65536,"Snappy",32,"Azure L",4528.08922034547
11056,3112,"dfsioe_read","ETH","RL3",8,10,3,65536,"Snappy",64,"Azure L",2989.78005029701
11052,2796,"kmeans","ETH","RL3",8,10,3,65536,"Snappy",64,"Azure L",2771.5427519671
11051,4568,"dfsioe_write","ETH","RL3",8,10,3,65536,"BZIP2",256,"Azure L",4433.78939815945
11039,4547,"dfsioe_write","ETH","RL3",8,10,3,65536,"BZIP2",64,"Azure L",4514.61781717604
11037,2716,"pagerank","ETH","RL3",8,10,3,65536,"BZIP2",64,"Azure L",2855.75251912835
11032,2959,"dfsioe_read","ETH","RL3",8,10,3,65536,"BZIP2",32,"Azure L",3012.20774003343
11026,2885,"dfsioe_read","ETH","RL3",8,10,3,65536,"BZIP2",64,"Azure L",2989.78005029701
11023,1280,"wordcount","ETH","RL3",8,10,3,65536,"BZIP2",64,"Azure L",1307.19682676398
11022,2797,"kmeans","ETH","RL3",8,10,3,65536,"BZIP2",64,"Azure L",2771.5427519671
11021,4724,"dfsioe_write","ETH","RL3",8,10,3,65536,"ZLIB",256,"Azure L",4433.78939815945
11013,2821,"pagerank","ETH","RL3",8,10,3,65536,"ZLIB",128,"Azure L",2855.75251912835
11009,4521,"dfsioe_write","ETH","RL3",8,10,3,65536,"ZLIB",64,"Azure L",4514.61781717604
11008,2864,"dfsioe_read","ETH","RL3",8,10,3,65536,"ZLIB",64,"Azure L",2964.83457975621
11003,4477,"dfsioe_write","ETH","RL3",8,10,3,65536,"ZLIB",32,"Azure L",4528.08922034547
11002,3076,"dfsioe_read","ETH","RL3",8,10,3,65536,"ZLIB",32,"Azure L",2987.26226949263
10984,1257,"wordcount","ETH","RL3",8,10,3,65536,"None",128,"Azure L",1308.91406325793
10969,2803,"kmeans","ETH","RL3",8,10,3,65536,"None",64,"Azure L",2872.89051009334
10963,2575,"kmeans","ETH","RL3",10,10,2,65536,"Snappy",256,"Azure L",2404.72870564898
10962,2474,"dfsioe_write","ETH","RL3",10,10,2,65536,"Snappy",128,"Azure L",3370.52593875667
10961,2706,"dfsioe_read","ETH","RL3",10,10,2,65536,"Snappy",128,"Azure L",3084.21056399361
10960,2829,"pagerank","ETH","RL3",10,10,2,65536,"Snappy",128,"Azure L",2902.84251082753
10958,1293,"wordcount","ETH","RL3",10,10,2,65536,"Snappy",128,"Azure L",1297.54481165905
10951,2575,"kmeans","ETH","RL3",10,10,2,65536,"Snappy",64,"Azure L",2560.36321852102
10948,2906,"pagerank","ETH","RL3",10,10,2,65536,"Snappy",32,"Azure L",2902.84251082753
10944,2645,"dfsioe_write","ETH","RL3",10,10,2,65536,"Snappy",64,"Azure L",3342.19898652265
10939,6594,"dfsioe_write","ETH","RL3",8,10,2,65536,"ZLIB",128,"Azure L",3447.50610022437
10937,2701,"pagerank","ETH","RL3",8,10,2,65536,"ZLIB",128,"Azure L",2757.2924725775
10925,2647,"pagerank","ETH","RL3",8,10,2,65536,"ZLIB",32,"Azure L",2757.2924725775
10901,2681,"pagerank","ETH","RL3",8,10,2,65536,"None",64,"Azure L",2954.13767457552
10897,5764,"dfsioe_write","ETH","RL3",8,10,2,65536,"None",32,"Azure L",4510.80082459236
10895,2635,"pagerank","ETH","RL3",8,10,2,65536,"None",32,"Azure L",2954.13767457552
10881,2644,"kmeans","ETH","RL3",10,10,1,65536,"Snappy",256,"Azure L",2346.35070642658
10858,1279,"wordcount","ETH","RL3",10,10,1,65536,"Snappy",64,"Azure L",1289.83562373151
10856,2635,"dfsioe_write","ETH","RL3",10,10,1,65536,"BZIP2",256,"Azure L",2733.52167616098
10851,2650,"kmeans","ETH","RL3",10,10,1,65536,"BZIP2",256,"Azure L",2346.35070642658
10845,2530,"kmeans","ETH","RL3",10,10,1,65536,"BZIP2",128,"Azure L",2450.10704834127
10836,2823,"pagerank","ETH","RL3",10,10,1,65536,"BZIP2",32,"Azure L",2804.38246427668
10828,1276,"wordcount","ETH","RL3",10,10,1,65536,"BZIP2",64,"Azure L",1289.83562373151
10824,2884,"pagerank","ETH","RL3",10,10,1,65536,"ZLIB",256,"Azure L",2804.38246427668
10818,2834,"pagerank","ETH","RL3",10,10,1,65536,"ZLIB",128,"Azure L",2804.38246427668
10814,3601,"dfsioe_write","ETH","RL3",10,10,1,65536,"ZLIB",64,"Azure L",2806.65669915449
10808,3514,"dfsioe_write","ETH","RL3",10,10,1,65536,"ZLIB",32,"Azure L",2818.84586965341
10798,1288,"wordcount","ETH","RL3",10,10,1,65536,"ZLIB",64,"Azure L",1286.44164008396
10792,1410,"wordcount","ETH","RL3",10,10,1,65536,"None",256,"Azure L",1295.86682576306
10779,2610,"kmeans","ETH","RL3",10,10,1,65536,"None",64,"Azure L",2603.33297742487
10770,2834,"pagerank","ETH","RL3",10,10,1,65536,"None",64,"Azure L",2850.83211712118
10762,1254,"wordcount","ETH","RL3",8,10,1,65536,"Snappy",256,"Azure L",1302.5633647529
10758,2648,"pagerank","ETH","RL3",8,10,1,65536,"Snappy",128,"Azure L",2658.83242602665
10743,4393,"kmeans","ETH","RL3",8,10,1,65536,"Snappy",32,"Azure L",2680.72583900097
10738,1296,"wordcount","ETH","RL3",8,10,1,65536,"Snappy",64,"Azure L",1296.09241644651
10736,2480,"dfsioe_write","ETH","RL3",8,10,1,65536,"BZIP2",256,"Azure L",2663.53841488019
10732,1250,"wordcount","ETH","RL3",8,10,1,65536,"BZIP2",256,"Azure L",1302.5633647529
10731,2741,"kmeans","ETH","RL3",8,10,1,65536,"BZIP2",256,"Azure L",2499.15224065025
10725,2674,"kmeans","ETH","RL3",8,10,1,65536,"BZIP2",128,"Azure L",2602.90858256495
10716,2722,"pagerank","ETH","RL3",8,10,1,65536,"BZIP2",32,"Azure L",2658.83242602665
10713,3036,"kmeans","ETH","RL3",8,10,1,65536,"BZIP2",32,"Azure L",2680.72583900097
10692,2621,"pagerank","ETH","RL3",8,10,1,65536,"ZLIB",64,"Azure L",2658.83242602665
10678,1286,"wordcount","ETH","RL3",8,10,1,65536,"ZLIB",64,"Azure L",1292.69843279896
10674,2706,"pagerank","ETH","RL3",8,10,1,65536,"None",256,"Azure L",2855.67762802467
10671,2739,"kmeans","ETH","RL3",8,10,1,65536,"None",256,"Azure L",2600.4999987765
10664,3052,"dfsioe_write","ETH","RL3",8,10,1,65536,"None",64,"Azure L",2811.48826854176
4415,2845,"kmeans","ETH","RL3",8,10,1,65536,"None",64,"Azure L",2756.13451164854
4406,3244,"terasort","ETH","RL1",10,10,3,65536,"ZLIB",256,"Azure L",2962.169550327
4403,2971,"terasort","ETH","RL1",10,10,3,65536,"ZLIB",32,"Azure L",3008.84288799727
4393,2937,"terasort","ETH","RL1",8,10,3,65536,"BZIP2",128,"Azure L",2848.2255838174
4389,3149,"terasort","ETH","RL1",8,10,3,65536,"ZLIB",128,"Azure L",2835.42174719005
4363,2975,"terasort","ETH","RL1",8,10,2,65536,"Snappy",32,"Azure L",2912.20248215761
4356,3066,"terasort","ETH","RL1",8,10,2,65536,"ZLIB",64,"Azure L",2900.72501271139
4353,2811,"terasort","ETH","RL1",8,10,2,65536,"None",128,"Azure L",2903.37774707365
4349,3028,"terasort","ETH","RL1",10,10,1,65536,"Snappy",128,"Azure L",3075.62147594255
4340,2768,"terasort","ETH","RL1",10,10,1,65536,"ZLIB",64,"Azure L",3060.16490495294
4339,2738,"terasort","ETH","RL1",10,10,1,65536,"ZLIB",32,"Azure L",3058.83853777181
4338,3004,"terasort","ETH","RL1",10,10,1,65536,"None",256,"Azure L",3068.12310803972
4334,2848,"terasort","ETH","RL1",8,10,1,65536,"Snappy",256,"Azure L",2912.5491035761
4332,2798,"terasort","ETH","RL1",8,10,1,65536,"Snappy",64,"Azure L",2904.59090048933
4326,2682,"terasort","ETH","RL1",8,10,1,65536,"ZLIB",256,"Azure L",2899.74526694875
4323,2666,"terasort","ETH","RL1",8,10,1,65536,"ZLIB",32,"Azure L",2890.46069668085
4322,2822,"terasort","ETH","RL1",8,10,1,65536,"None",256,"Azure L",2839.80880664266
4319,2442,"terasort","ETH","RL1",8,10,1,65536,"None",32,"Azure L",2830.52423637475
4316,2769,"terasort","ETH","RL2",10,10,3,65536,"Snappy",64,"Azure L",2630.51630877487
4306,2461,"terasort","ETH","RL2",10,10,3,65536,"None",256,"Azure L",2586.30688286565
4305,2507,"terasort","ETH","RL2",10,10,3,65536,"None",128,"Azure L",2592.35742701019
4295,2620,"terasort","ETH","RL2",8,10,3,65536,"BZIP2",32,"Azure L",2646.08914031501
4294,2822,"terasort","ETH","RL2",8,10,3,65536,"ZLIB",256,"Azure L",2600.36707836966
4288,2791,"terasort","ETH","RL2",8,10,3,65536,"None",64,"Azure L",2609.44289458647
4285,2743,"terasort","ETH","RL2",10,10,2,65536,"Snappy",128,"Azure L",2664.261904207
4283,2845,"terasort","ETH","RL2",10,10,2,65536,"Snappy",32,"Azure L",2668.7998123154
4281,2802,"terasort","ETH","RL2",10,10,2,65536,"BZIP2",128,"Azure L",2664.261904207
4278,2448,"terasort","ETH","RL2",10,10,2,65536,"ZLIB",256,"Azure L",2623.07775037005
4255,2639,"terasort","ETH","RL2",8,10,2,65536,"None",32,"Azure L",2647.726398127
4253,2467,"terasort","ETH","RL2",10,10,1,65536,"Snappy",128,"Azure L",2701.0327717114
4250,2609,"terasort","ETH","RL2",10,10,1,65536,"BZIP2",256,"Azure L",2694.98222756686
4249,2535,"terasort","ETH","RL2",10,10,1,65536,"BZIP2",128,"Azure L",2701.0327717114
4247,2642,"terasort","ETH","RL2",10,10,1,65536,"BZIP2",32,"Azure L",2705.5706798198
4239,2503,"terasort","ETH","RL2",10,10,1,65536,"None",32,"Azure L",2670.4370701274
4236,2714,"terasort","ETH","RL2",8,10,1,65536,"Snappy",64,"Azure L",2718.11823928767
4235,2719,"terasort","ETH","RL2",8,10,1,65536,"Snappy",32,"Azure L",2719.63087532381
4234,2657,"terasort","ETH","RL2",8,10,1,65536,"BZIP2",256,"Azure L",2709.04242307087
4232,2685,"terasort","ETH","RL2",8,10,1,65536,"BZIP2",64,"Azure L",2718.11823928767
4230,2675,"terasort","ETH","RL2",8,10,1,65536,"ZLIB",256,"Azure L",2673.90881337846
4227,2738,"terasort","ETH","RL2",8,10,1,65536,"ZLIB",32,"Azure L",2684.4972656314
4226,2634,"terasort","ETH","RL2",8,10,1,65536,"None",256,"Azure L",2673.90881337846
4220,2998,"terasort","ETH","RL3",10,10,2,65536,"ZLIB",128,"Azure L",2660.80194141992
4217,3056,"terasort","ETH","RL3",10,10,2,65536,"None",256,"Azure L",2804.355401806
4214,2996,"terasort","ETH","RL3",8,10,2,65536,"Snappy",256,"Azure L",2835.42927056605
4203,2881,"terasort","ETH","RL3",8,10,2,65536,"ZLIB",32,"Azure L",2598.06150273806
4199,2753,"terasort","ETH","RL3",8,10,2,65536,"None",32,"Azure L",2747.66550726867
4198,2740,"terasort","ETH","RL3",10,10,1,65536,"Snappy",256,"Azure L",2673.08652161967
4196,2904,"terasort","ETH","RL3",10,10,1,65536,"Snappy",64,"Azure L",2682.16233783648
4188,2459,"terasort","ETH","RL3",10,10,1,65536,"ZLIB",64,"Azure L",2558.125451969
4187,2407,"terasort","ETH","RL3",10,10,1,65536,"ZLIB",32,"Azure L",2559.63808800514
4181,2425,"terasort","ETH","RL3",8,10,1,65536,"Snappy",128,"Azure L",2693.19726126822
4179,2406,"terasort","ETH","RL3",8,10,1,65536,"Snappy",32,"Azure L",2697.73516937662
4163,6058,"terasort","ETH","R1",8,10,3,65536,"None",64,"Azure L",6431.09006622167
4151,5245,"terasort","ETH","R2",8,10,3,65536,"None",64,"Azure L",5477.7645200088
4137,5556,"terasort","ETH","R3",8,10,2,65536,"BZIP2",64,"Azure L",5446.17696889427
4134,5202,"terasort","ETH","R3",8,10,1,65536,"Snappy",64,"Azure L",5401.78558115238
4131,5171,"terasort","ETH","R3",8,10,1,65536,"None",64,"Azure L",5388.98174452503
4126,2572,"terasort","ETH","RL1",8,10,2,65536,"Snappy",64,"Azure L",2913.52884933874
4113,2534,"terasort","ETH","RL2",8,10,2,65536,"BZIP2",64,"Azure L",2681.34737178327
4109,2256,"terasort","ETH","RL2",8,10,1,65536,"ZLIB",64,"Azure L",2682.98462959527
4107,2344,"terasort","ETH","RL3",8,10,3,65536,"Snappy",64,"Azure L",2880.21521177548
4106,2202,"terasort","ETH","RL3",8,10,3,65536,"BZIP2",64,"Azure L",2880.21521177548
4102,1979,"terasort","ETH","RL3",8,10,2,65536,"BZIP2",64,"Azure L",2844.50508678286
4100,2025,"terasort","ETH","RL3",8,10,2,65536,"None",64,"Azure L",2746.15287123254
4099,2034,"terasort","ETH","RL3",8,10,1,65536,"Snappy",64,"Azure L",2696.22253334048
4098,2180,"terasort","ETH","RL3",8,10,1,65536,"BZIP2",64,"Azure L",2696.22253334048
4478,2679,"terasort","ETH","HDD",8,10,1,65536,"None",64,"Azure L",3994.39787224069
4462,1431,"terasort","ETH","HDD",8,10,1,65536,"None",64,"Azure L",3994.39787224069
4459,1366,"terasort","ETH","HDD",8,10,1,65536,"None",64,"Azure L",3994.39787224069
2235,439,"dfsioe_write","IB","SSD",12,10,1,65536,"Snappy",64,"Local 1",542.473956636951
2234,1107,"dfsioe_read","IB","SSD",12,10,1,65536,"Snappy",64,"Local 1",1292.94208015748
2228,408,"dfsioe_write","IB","SSD",12,10,1,65536,"Snappy",32,"Local 1",547.009049659339
2227,1335,"dfsioe_read","IB","SSD",12,10,1,65536,"Snappy",32,"Local 1",1293.77023131332
2222,1408,"kmeans","IB","SSD",12,10,1,65536,"Snappy",32,"Local 1",1049.52672829663
2214,375,"dfsioe_write","IB","SSD",12,10,1,65536,"BZIP2",256,"Local 1",515.263398502622
2206,1124,"dfsioe_read","IB","SSD",12,10,1,65536,"BZIP2",128,"Local 1",1291.28577784581
2201,1078,"kmeans","IB","SSD",12,10,1,65536,"BZIP2",128,"Local 1",994.297099468003
2194,1197,"kmeans","IB","SSD",12,10,1,65536,"BZIP2",64,"Local 1",1031.11685202042
2193,390,"dfsioe_write","IB","SSD",12,10,1,65536,"BZIP2",32,"Local 1",547.009049659339
2192,1223,"dfsioe_read","IB","SSD",12,10,1,65536,"BZIP2",32,"Local 1",1293.77023131332
2188,795,"wordcount","IB","SSD",12,10,1,65536,"BZIP2",32,"Local 1",692.191827756983
2187,1430,"kmeans","IB","SSD",12,10,1,65536,"BZIP2",32,"Local 1",1049.52672829663
2178,1125,"dfsioe_read","IB","SSD",12,10,1,65536,"ZLIB",256,"Local 1",1287.97317322247
2171,1167,"dfsioe_read","IB","SSD",12,10,1,65536,"ZLIB",128,"Local 1",1291.28577784581
2170,1120,"bayes","IB","SSD",12,10,1,65536,"ZLIB",128,"Local 1",1069.62830654363
2165,440,"dfsioe_write","IB","SSD",12,10,1,65536,"ZLIB",64,"Local 1",542.473956636951
2159,1206,"kmeans","IB","SSD",12,10,1,65536,"ZLIB",64,"Local 1",1031.11685202042
2155,1962,"pagerank","IB","SSD",12,10,1,65536,"ZLIB",32,"Local 1",2491.76685092282
2152,1414,"kmeans","IB","SSD",12,10,1,65536,"ZLIB",32,"Local 1",1049.52672829663
2141,1887,"pagerank","IB","SSD",12,10,1,65536,"None",256,"Local 1",1808.33492491027
2132,628,"wordcount","IB","SSD",12,10,1,65536,"None",128,"Local 1",622.52143115622
2125,682,"wordcount","IB","SSD",12,10,1,65536,"None",64,"Local 1",660.505466885433
2124,1198,"kmeans","IB","SSD",12,10,1,65536,"None",64,"Local 1",1123.90747596498
2122,1308,"dfsioe_read","IB","SSD",12,10,1,65536,"None",32,"Local 1",1347.48209115933
2118,813,"wordcount","IB","SSD",12,10,1,65536,"None",32,"Local 1",675.107512404548
2117,1427,"kmeans","IB","SSD",12,10,1,65536,"None",32,"Local 1",1142.31735224119
2113,1875,"pagerank","IB","SSD",12,10,1,65536,"None",64,"Local 1",1902.84316332662
2107,1155,"bayes","ETH","HDD",12,10,1,65536,"Snappy",256,"Local 1",1246.61409830487
2106,2282,"pagerank","ETH","HDD",12,10,1,65536,"Snappy",256,"Local 1",2097.5052186548
2097,1195,"wordcount","ETH","HDD",12,10,1,65536,"Snappy",128,"Local 1",1060.97753930619
2095,1528,"dfsioe_write","ETH","HDD",12,10,1,65536,"Snappy",64,"Local 1",1457.13288328618
2087,6043,"dfsioe_read","ETH","HDD",12,10,1,65536,"Snappy",32,"Local 1",6739.56296029023
2085,2142,"pagerank","ETH","HDD",12,10,1,65536,"Snappy",32,"Local 1",2022.97205979669
2083,990,"wordcount","ETH","HDD",12,10,1,65536,"Snappy",32,"Local 1",951.074217327723
2076,843,"wordcount","ETH","HDD",12,10,1,65536,"Snappy",64,"Local 1",927.052169341047
2075,1283,"kmeans","ETH","HDD",12,10,1,65536,"Snappy",64,"Local 1",1292.33394843302
2072,1168,"bayes","ETH","HDD",12,10,1,65536,"BZIP2",256,"Local 1",1246.61409830487
2065,1110,"bayes","ETH","HDD",12,10,1,65536,"BZIP2",128,"Local 1",1170.48863926082
2061,1476,"kmeans","ETH","HDD",12,10,1,65536,"BZIP2",128,"Local 1",1278.74513307174
2054,1321,"kmeans","ETH","HDD",12,10,1,65536,"BZIP2",64,"Local 1",1292.33394843302
2053,1466,"dfsioe_write","ETH","HDD",12,10,1,65536,"BZIP2",32,"Local 1",1446.90920314607
2047,1470,"kmeans","ETH","HDD",12,10,1,65536,"BZIP2",32,"Local 1",1289.28078663669
2039,1168,"dfsioe_write","ETH","HDD",12,10,1,65536,"ZLIB",256,"Local 1",1719.04723502069
2027,980,"wordcount","ETH","HDD",12,10,1,65536,"ZLIB",128,"Local 1",997.110715672897
2018,1464,"dfsioe_write","ETH","HDD",12,10,1,65536,"ZLIB",32,"Local 1",1450.46456533028
2015,2169,"pagerank","ETH","HDD",12,10,1,65536,"ZLIB",32,"Local 1",2052.36249594207
2009,1170,"bayes","ETH","HDD",12,10,1,65536,"ZLIB",64,"Local 1",1114.78451892418
1998,1368,"kmeans","ETH","HDD",12,10,1,65536,"None",256,"Local 1",1351.23525057722
1994,2113,"pagerank","ETH","HDD",12,10,1,65536,"None",128,"Local 1",2045.18900134861
1990,1277,"dfsioe_write","ETH","HDD",12,10,1,65536,"None",64,"Local 1",1466.97185503588
1988,1101,"bayes","ETH","HDD",12,10,1,65536,"None",64,"Local 1",1127.92871454204
1985,849,"wordcount","ETH","HDD",12,10,1,65536,"None",64,"Local 1",893.043714892452
1984,1328,"kmeans","ETH","HDD",12,10,1,65536,"None",64,"Local 1",1300.73989219632
1968,7883,"dfsioe_read","IB","HDD",12,10,1,65536,"Snappy",256,"Local 1",7174.64414792515
1952,2122,"pagerank","IB","HDD",12,10,1,65536,"Snappy",64,"Local 1",2104.61867108807
1948,1261,"dfsioe_write","IB","HDD",12,10,1,65536,"Snappy",32,"Local 1",1523.65975826616
1945,2253,"pagerank","IB","HDD",12,10,1,65536,"Snappy",32,"Local 1",2099.72261491678
1942,1474,"kmeans","IB","HDD",12,10,1,65536,"Snappy",32,"Local 1",1338.91929604645
1941,1161,"dfsioe_write","IB","HDD",12,10,1,65536,"Snappy",64,"Local 1",1533.88343840627
1939,1096,"bayes","IB","HDD",12,10,1,65536,"Snappy",64,"Local 1",1132.4259097388
1925,1116,"bayes","IB","HDD",12,10,1,65536,"BZIP2",128,"Local 1",1170.48863926082
1924,2104,"pagerank","IB","HDD",12,10,1,65536,"BZIP2",128,"Local 1",2114.41078343064
1922,1165,"wordcount","IB","HDD",12,10,1,65536,"BZIP2",128,"Local 1",1060.97753930619
1918,1096,"bayes","IB","HDD",12,10,1,65536,"BZIP2",64,"Local 1",1132.4259097388
1914,1306,"kmeans","IB","HDD",12,10,1,65536,"BZIP2",64,"Local 1",1341.97245784279
1910,2091,"pagerank","IB","HDD",12,10,1,65536,"BZIP2",32,"Local 1",2099.72261491678
1908,1002,"wordcount","IB","HDD",12,10,1,65536,"BZIP2",32,"Local 1",951.074217327723
1905,6079,"dfsioe_read","IB","HDD",12,10,1,65536,"BZIP2",64,"Local 1",6801.71741566665
1893,1411,"kmeans","IB","HDD",12,10,1,65536,"ZLIB",256,"Local 1",1392.46781622369
1892,1152,"dfsioe_write","IB","HDD",12,10,1,65536,"ZLIB",128,"Local 1",1642.32197888912
1889,2085,"pagerank","IB","HDD",12,10,1,65536,"ZLIB",128,"Local 1",2143.80121957601
1885,1330,"dfsioe_write","IB","HDD",12,10,1,65536,"ZLIB",64,"Local 1",1565.58407326329
1884,7102,"dfsioe_read","IB","HDD",12,10,1,65536,"ZLIB",64,"Local 1",5439.61547904617
1878,1517,"dfsioe_write","IB","HDD",12,10,1,65536,"ZLIB",32,"Local 1",1527.21512045037
1876,1099,"bayes","IB","HDD",12,10,1,65536,"ZLIB",32,"Local 1",1095.75315416317
1862,1162,"bayes","IB","HDD",12,10,1,65536,"None",256,"Local 1",1242.11690310811
1855,1118,"bayes","IB","HDD",12,10,1,65536,"None",128,"Local 1",1165.99144406407
1850,1159,"dfsioe_write","IB","HDD",12,10,1,65536,"None",64,"Local 1",1543.72241015597
1847,2087,"pagerank","IB","HDD",12,10,1,65536,"None",64,"Local 1",2112.14744412613
1841,1080,"bayes","IB","HDD",12,10,1,65536,"None",32,"Local 1",1108.89734978103
1840,2154,"pagerank","IB","HDD",12,10,1,65536,"None",32,"Local 1",2107.25138795484
1835,6459,"dfsioe_read","IB","HDD",12,10,1,65536,"None",64,"Local 1",5976.60012118442
1833,881,"wordcount","ETH","HDD",12,20,3,4096,"None",128,"Local 1",998.224932459378
1826,1114,"bayes","ETH","HDD",12,20,3,131072,"None",64,"Local 1",1139.03312485951
1820,2517,"pagerank","ETH","HDD",12,20,3,131072,"None",256,"Local 1",3204.67554709743
1817,1773,"kmeans","ETH","HDD",12,20,3,131072,"None",256,"Local 1",1770.61632710901
1816,1133,"bayes","ETH","HDD",12,20,3,131072,"None",128,"Local 1",1177.09585438153
1812,1675,"kmeans","ETH","HDD",12,20,3,131072,"None",128,"Local 1",1706.53215336682
1811,1088,"bayes","ETH","HDD",12,20,3,131072,"None",32,"Local 1",1120.0017600985
1808,986,"wordcount","ETH","HDD",12,20,3,131072,"None",32,"Local 1",932.159579045403
1801,1155,"bayes","ETH","HDD",12,20,3,32768,"None",256,"Local 1",1253.22131342558
1798,911,"wordcount","ETH","HDD",12,20,3,32768,"None",256,"Local 1",1030.20096807057
1785,2305,"pagerank","ETH","HDD",12,10,3,65536,"None",64,"Local 1",3067.48675328862
1783,845,"wordcount","ETH","HDD",12,10,3,65536,"None",64,"Local 1",904.148125209919
1781,1184,"bayes","ETH","HDD",12,10,3,65536,"None",256,"Local 1",1253.22131342558
1778,1077,"wordcount","ETH","HDD",12,10,3,65536,"None",256,"Local 1",1003.15697761362
1766,1128,"bayes","ETH","HDD",12,10,3,4096,"None",64,"Local 1",1139.03312485951
1765,2555,"pagerank","ETH","HDD",12,10,3,4096,"None",64,"Local 1",2938.87225909287
1760,2693,"pagerank","ETH","HDD",12,10,3,4096,"None",256,"Local 1",2938.87225909287
1755,2454,"pagerank","ETH","HDD",12,10,3,4096,"None",128,"Local 1",2938.87225909287
1747,1628,"kmeans","ETH","HDD",12,10,3,4096,"None",32,"Local 1",1514.99083788386
1743,802,"wordcount","ETH","HDD",12,10,3,131072,"None",64,"Local 1",904.148125209919
1728,924,"wordcount","ETH","HDD",12,10,3,131072,"None",32,"Local 1",928.170173196596
1723,838,"wordcount","ETH","HDD",12,10,3,32768,"None",64,"Local 1",904.148125209919
1710,3330,"pagerank","ETH","HDD",12,10,3,32768,"None",32,"Local 1",2998.89235638422
1701,1158,"bayes","ETH","HDD",12,5,3,65536,"None",256,"Local 1",1253.22131342558
1697,2027,"kmeans","ETH","HDD",12,5,3,65536,"None",256,"Local 1",1739.98949104381
1691,1091,"bayes","ETH","HDD",12,5,3,65536,"None",32,"Local 1",1120.0017600985
1688,1117,"wordcount","IB","HDD",12,50,1,65536,"None",256,"Local 1",1100.22852912395
1683,1008,"wordcount","IB","HDD",12,50,1,65536,"None",128,"Local 1",1068.25249351276
1681,1092,"bayes","IB","HDD",12,50,1,65536,"None",32,"Local 1",1108.89734978103
1680,2187,"pagerank","IB","HDD",12,50,1,65536,"None",32,"Local 1",2107.25138795484
1678,992,"wordcount","IB","HDD",12,50,1,65536,"None",32,"Local 1",933.023386274356
1665,2073,"pagerank","IB","HDD",12,50,1,4096,"None",128,"Local 1",2121.9395564687
1663,1021,"wordcount","IB","HDD",12,50,1,4096,"None",128,"Local 1",1068.25249351276
1658,1140,"wordcount","IB","HDD",12,50,1,4096,"None",32,"Local 1",933.023386274356
1657,1492,"kmeans","IB","HDD",12,50,1,4096,"None",32,"Local 1",1347.32523980975
1655,2043,"pagerank","IB","HDD",12,50,1,131072,"None",64,"Local 1",2112.14744412613
1653,950,"wordcount","IB","HDD",12,50,1,131072,"None",64,"Local 1",909.00133828768
1652,1303,"kmeans","IB","HDD",12,50,1,131072,"None",64,"Local 1",1350.37840160609
1648,1408,"wordcount","IB","HDD",12,50,1,131072,"None",256,"Local 1",1100.22852912395
1646,1116,"bayes","IB","HDD",12,50,1,131072,"None",128,"Local 1",1165.99144406407
1643,1105,"wordcount","IB","HDD",12,50,1,131072,"None",128,"Local 1",1068.25249351276
1642,1381,"kmeans","IB","HDD",12,50,1,131072,"None",128,"Local 1",1367.41642231
1640,2103,"pagerank","IB","HDD",12,50,1,131072,"None",32,"Local 1",2107.25138795484
1637,1458,"kmeans","IB","HDD",12,50,1,131072,"None",32,"Local 1",1347.32523980975
1632,493,"kmeans","IB","HDD",12,50,1,32768,"None",64,"Local 1",1350.37840160609
1631,1170,"bayes","IB","HDD",12,50,1,32768,"None",256,"Local 1",1242.11690310811
1630,2179,"pagerank","IB","HDD",12,50,1,32768,"None",256,"Local 1",2218.22559645502
1626,1126,"bayes","IB","HDD",12,50,1,32768,"None",128,"Local 1",1165.99144406407
1612,1059,"kmeans","IB","HDD",12,20,1,65536,"None",64,"Local 1",1350.37840160609
1610,2168,"pagerank","IB","HDD",12,20,1,65536,"None",256,"Local 1",2190.89480922346
1608,1065,"wordcount","IB","HDD",12,20,1,65536,"None",256,"Local 1",1019.0965577531
1602,2087,"pagerank","IB","HDD",12,20,1,65536,"None",32,"Local 1",2107.25138795484
1600,995,"wordcount","IB","HDD",12,20,1,65536,"None",32,"Local 1",921.055168727936
1598,1116,"bayes","IB","HDD",12,20,1,4096,"None",64,"Local 1",1127.92871454204
1592,2271,"pagerank","IB","HDD",12,20,1,4096,"None",256,"Local 1",2190.89480922346
1589,1428,"kmeans","IB","HDD",12,20,1,4096,"None",256,"Local 1",1372.16110117586
1582,2250,"pagerank","IB","HDD",12,20,1,4096,"None",32,"Local 1",2107.25138795484
1577,1998,"pagerank","IB","HDD",12,20,1,131072,"None",64,"Local 1",2112.14744412613
1575,894,"wordcount","IB","HDD",12,20,1,131072,"None",64,"Local 1",897.033120741259
1565,1030,"wordcount","IB","HDD",12,20,1,131072,"None",128,"Local 1",987.120522141911
1564,1231,"kmeans","IB","HDD",12,20,1,131072,"None",128,"Local 1",1367.41642231
1562,2067,"pagerank","IB","HDD",12,20,1,131072,"None",32,"Local 1",2107.25138795484
1547,2067,"pagerank","IB","HDD",12,20,1,32768,"None",128,"Local 1",2121.9395564687
1540,1003,"wordcount","IB","HDD",12,20,1,32768,"None",32,"Local 1",921.055168727936
1538,1104,"bayes","IB","HDD",12,10,1,65536,"None",64,"Local 1",1127.92871454204
1514,1286,"kmeans","IB","HDD",12,10,1,4096,"None",64,"Local 1",1350.37840160609
1510,1058,"wordcount","IB","HDD",12,10,1,4096,"None",256,"Local 1",992.052567296153
1508,1144,"bayes","IB","HDD",12,10,1,4096,"None",128,"Local 1",1165.99144406407
1507,2090,"pagerank","IB","HDD",12,10,1,4096,"None",128,"Local 1",2121.9395564687
1498,1108,"bayes","IB","HDD",12,10,1,131072,"None",64,"Local 1",1127.92871454204
1497,2002,"pagerank","IB","HDD",12,10,1,131072,"None",64,"Local 1",2112.14744412613
1490,1045,"wordcount","IB","HDD",12,10,1,131072,"None",256,"Local 1",992.052567296153
1489,1407,"kmeans","IB","HDD",12,10,1,131072,"None",256,"Local 1",1431.50059605219
1483,1086,"bayes","IB","HDD",12,10,1,131072,"None",32,"Local 1",1108.89734978103
1475,989,"wordcount","IB","HDD",12,10,1,32768,"None",64,"Local 1",893.043714892452
1473,1168,"bayes","IB","HDD",12,10,1,32768,"None",256,"Local 1",1242.11690310811
1470,1052,"wordcount","IB","HDD",12,10,1,32768,"None",256,"Local 1",992.052567296153
1469,1319,"kmeans","IB","HDD",12,10,1,32768,"None",256,"Local 1",1385.56034195439
1467,2046,"pagerank","IB","HDD",12,10,1,32768,"None",128,"Local 1",2121.9395564687
1460,978,"wordcount","IB","HDD",12,10,1,32768,"None",32,"Local 1",917.065762879129
1455,968,"wordcount","IB","HDD",12,5,1,65536,"None",64,"Local 1",891.049011968048
1453,1158,"bayes","IB","HDD",12,5,1,65536,"None",256,"Local 1",1242.11690310811
1450,991,"wordcount","IB","HDD",12,5,1,65536,"None",256,"Local 1",978.530572067678
1432,2307,"pagerank","IB","HDD",12,5,1,4096,"None",256,"Local 1",2177.22941560769
1425,976,"wordcount","IB","HDD",12,5,1,4096,"None",128,"Local 1",946.554536456486
1419,1481,"kmeans","IB","HDD",12,5,1,4096,"None",32,"Local 1",1347.32523980975
1413,1149,"bayes","IB","HDD",12,5,1,131072,"None",256,"Local 1",1242.11690310811
1412,2166,"pagerank","IB","HDD",12,5,1,131072,"None",256,"Local 1",2177.22941560769
1395,899,"wordcount","IB","HDD",12,5,1,32768,"None",64,"Local 1",891.049011968048
1393,1156,"bayes","IB","HDD",12,5,1,32768,"None",256,"Local 1",1242.11690310811
1388,1131,"bayes","IB","HDD",12,5,1,32768,"None",128,"Local 1",1165.99144406407
1374,1244,"kmeans","ETH","SSD",12,50,3,65536,"None",64,"Local 1",1240.7488312726
1370,582,"wordcount","ETH","SSD",12,50,3,65536,"None",256,"Local 1",621.712963878856
1367,2153,"pagerank","ETH","SSD",12,50,3,65536,"None",128,"Local 1",2071.26776637248
1365,602,"wordcount","ETH","SSD",12,50,3,65536,"None",128,"Local 1",633.625841473687
1362,2137,"pagerank","ETH","SSD",12,50,3,65536,"None",32,"Local 1",2174.73936256688
1353,1191,"bayes","ETH","SSD",12,50,3,4096,"None",256,"Local 1",1170.00237152301
1352,2069,"pagerank","ETH","SSD",12,50,3,4096,"None",256,"Local 1",2008.26227409491
1347,2153,"pagerank","ETH","SSD",12,50,3,4096,"None",128,"Local 1",2071.26776637248
1345,605,"wordcount","ETH","SSD",12,50,3,4096,"None",128,"Local 1",633.625841473687
1342,2168,"pagerank","ETH","SSD",12,50,3,4096,"None",32,"Local 1",2174.73936256688
1333,1150,"bayes","ETH","SSD",12,50,3,131072,"None",256,"Local 1",1170.00237152301
1332,2080,"pagerank","ETH","SSD",12,50,3,131072,"None",256,"Local 1",2008.26227409491
1323,4050,"terasort","ETH","HDD",12,10,1,65536,"None",64,"Local 1",3922.12054202789
1321,4857,"terasort","IB","HDD",12,10,1,65536,"None",64,"Local 1",3922.12054202789
1320,4321,"terasort","ETH","HDD",24,10,1,65536,"None",64,"Local 1",3705.2885513895
1318,3919,"terasort","IB","HDD",24,10,1,65536,"None",64,"Local 1",3705.2885513895
1317,4171,"terasort","IB","HDD",12,10,1,65536,"None",64,"Local 1",3922.12054202789
1316,3880,"terasort","ETH","HDD",24,10,1,65536,"None",64,"Local 1",3705.2885513895
1313,4247,"terasort","IB","HDD",12,10,1,65536,"None",64,"Local 1",3922.12054202789
1303,4381,"terasort","ETH","HDD",12,20,3,4096,"None",256,"Local 1",4736.77751228185
1301,4299,"terasort","ETH","HDD",12,20,3,4096,"None",32,"Local 1",4278.42293864237
1300,4734,"terasort","ETH","HDD",12,20,3,131072,"None",64,"Local 1",4343.90216344802
1297,5424,"terasort","ETH","HDD",12,20,3,131072,"None",32,"Local 1",4278.42293864237
1296,5264,"terasort","ETH","HDD",12,20,3,32768,"None",64,"Local 1",4343.90216344802
1295,5097,"terasort","ETH","HDD",12,20,3,32768,"None",256,"Local 1",4736.77751228185
1292,4651,"terasort","ETH","HDD",12,5,1,65536,"None",64,"Local 1",3948.99256175675
1287,3677,"terasort","ETH","HDD",12,5,1,4096,"None",256,"Local 1",4341.86791059059
1283,4286,"terasort","ETH","HDD",12,5,1,131072,"None",256,"Local 1",4341.86791059059
1281,4197,"terasort","ETH","HDD",12,5,1,131072,"None",32,"Local 1",3883.51333695111
1279,4286,"terasort","ETH","HDD",12,5,1,32768,"None",256,"Local 1",4341.86791059059
1277,4293,"terasort","ETH","HDD",12,5,1,32768,"None",32,"Local 1",3883.51333695111
1264,4500,"terasort","IB","HDD",12,50,3,32768,"None",64,"Local 1",4182.67004507488
1260,5287,"terasort","IB","HDD",12,20,3,65536,"None",64,"Local 1",4343.90216344802
1257,4813,"terasort","IB","HDD",12,20,3,65536,"None",32,"Local 1",4278.42293864237
1256,3981,"terasort","IB","HDD",12,20,3,4096,"None",64,"Local 1",4343.90216344802
1251,4282,"terasort","IB","HDD",12,20,3,131072,"None",256,"Local 1",4736.77751228185
1249,4454,"terasort","IB","HDD",12,20,3,131072,"None",32,"Local 1",4278.42293864237
1240,4167,"terasort","IB","HDD",12,10,3,4096,"None",64,"Local 1",4397.64620290572
1238,4118,"terasort","IB","HDD",12,10,3,4096,"None",128,"Local 1",4528.604652517
1229,4953,"terasort","IB","HDD",12,10,3,32768,"None",32,"Local 1",4332.16697810009
1226,4776,"terasort","IB","HDD",12,5,3,65536,"None",128,"Local 1",4555.47667224586
1220,4368,"terasort","IB","HDD",12,5,3,131072,"None",64,"Local 1",4424.51822263458
1219,4492,"terasort","IB","HDD",12,5,3,131072,"None",256,"Local 1",4817.39357146842
1211,5161,"terasort","IB","HDD",12,50,1,65536,"None",256,"Local 1",4100.01973303089
1210,4531,"terasort","IB","HDD",12,50,1,65536,"None",128,"Local 1",3838.10283380833
1209,4606,"terasort","IB","HDD",12,50,1,65536,"None",32,"Local 1",3641.66515939141
1208,4182,"terasort","IB","HDD",12,50,1,4096,"None",64,"Local 1",3707.14438419705
1206,4126,"terasort","IB","HDD",12,50,1,4096,"None",128,"Local 1",3838.10283380833
1202,5507,"terasort","IB","HDD",12,50,1,131072,"None",128,"Local 1",3838.10283380833
1197,3936,"terasort","IB","HDD",12,50,1,32768,"None",32,"Local 1",3641.66515939141
1196,3105,"terasort","ETH","HDD",24,10,1,65536,"None",64,"Local 1",3705.2885513895
1191,4939,"terasort","ETH","HDD",12,10,1,65536,"None",64,"Local 1",3922.12054202789
1189,4268,"terasort","IB","HDD",12,10,1,65536,"None",64,"Local 1",3922.12054202789
1187,4550,"terasort","ETH","HDD",12,10,1,65536,"None",64,"Local 1",3922.12054202789
1186,3655,"terasort","IB","HDD",24,10,1,65536,"None",64,"Local 1",3705.2885513895
1175,4794,"terasort","ETH","HDD",12,10,1,65536,"None",64,"Local 1",3922.12054202789
1171,4671,"terasort","ETH","HDD",12,10,1,65536,"None",64,"Local 1",3922.12054202789
1170,3968,"terasort","IB","HDD",24,10,1,65536,"None",64,"Local 1",3705.2885513895
1168,3317,"terasort","ETH","HDD",24,10,1,65536,"None",64,"Local 1",3705.2885513895
1167,4132,"terasort","ETH","HDD",12,10,1,65536,"None",64,"Local 1",3922.12054202789
1161,4209,"terasort","IB","HDD",12,20,1,131072,"None",32,"Local 1",3802.89727776454
1160,5164,"terasort","IB","HDD",12,20,1,32768,"None",64,"Local 1",3868.37650257018
1155,4279,"terasort","IB","HDD",12,10,1,65536,"None",256,"Local 1",4314.99589086173
1153,4217,"terasort","IB","HDD",12,10,1,65536,"None",32,"Local 1",3856.64131722225
1152,3723,"terasort","IB","HDD",12,10,1,4096,"None",64,"Local 1",3922.12054202789
1150,3752,"terasort","IB","HDD",12,10,1,4096,"None",128,"Local 1",4053.07899163917
1148,3665,"terasort","IB","HDD",12,10,1,131072,"None",64,"Local 1",3922.12054202789
1144,4442,"terasort","IB","HDD",12,10,1,32768,"None",64,"Local 1",3922.12054202789
1143,4392,"terasort","IB","HDD",12,10,1,32768,"None",256,"Local 1",4314.99589086173
1141,5708,"terasort","IB","HDD",12,10,1,32768,"None",32,"Local 1",3856.64131722225
1140,5135,"terasort","IB","HDD",12,5,1,65536,"None",64,"Local 1",3948.99256175675
1134,3651,"terasort","IB","HDD",12,5,1,4096,"None",128,"Local 1",4079.95101136803
1124,1013,"terasort","ETH","SSD",12,50,3,65536,"None",64,"Local 1",1044.31716136303
1109,1117,"kmeans","ETH","SSD",12,50,3,32768,"None",128,"Local 1",1203.92907872018
1108,951,"terasort","ETH","SSD",12,50,3,32768,"None",128,"Local 1",1042.66085905136
1096,969,"terasort","ETH","SSD",12,20,3,65536,"None",64,"Local 1",1044.31716136303
1094,2072,"pagerank","ETH","SSD",12,20,3,65536,"None",256,"Local 1",2008.26227409491
1092,553,"wordcount","ETH","SSD",12,20,3,65536,"None",256,"Local 1",621.712963878856
1084,1002,"terasort","ETH","SSD",12,20,3,65536,"None",128,"Local 1",1042.66085905136
1083,1089,"bayes","ETH","SSD",12,20,3,65536,"None",32,"Local 1",1036.78281819592
1082,2186,"pagerank","ETH","SSD",12,20,3,65536,"None",32,"Local 1",2174.73936256688
1079,1454,"kmeans","ETH","SSD",12,20,3,65536,"None",32,"Local 1",1259.15870754881
1078,1021,"terasort","ETH","SSD",12,20,3,65536,"None",32,"Local 1",1045.14531251887
1074,666,"wordcount","ETH","SSD",12,20,3,4096,"None",64,"Local 1",671.6098772029
1073,1268,"kmeans","ETH","SSD",12,20,3,4096,"None",64,"Local 1",1240.7488312726
1068,557,"wordcount","ETH","SSD",12,20,3,4096,"None",256,"Local 1",621.712963878856
1066,1056,"terasort","ETH","SSD",12,20,3,4096,"None",256,"Local 1",1039.34825442802
1055,1463,"kmeans","ETH","SSD",12,20,3,4096,"None",32,"Local 1",1259.15870754881
1050,1243,"kmeans","ETH","SSD",12,20,3,131072,"None",64,"Local 1",1240.7488312726
1042,1113,"bayes","ETH","SSD",12,20,3,131072,"None",128,"Local 1",1093.87691247896
1036,1097,"bayes","ETH","SSD",12,20,3,131072,"None",32,"Local 1",1036.78281819592
1017,2001,"pagerank","ETH","SSD",12,20,3,32768,"None",128,"Local 1",2071.26776637248
1014,1127,"kmeans","ETH","SSD",12,20,3,32768,"None",128,"Local 1",1203.92907872018
1011,2165,"pagerank","ETH","SSD",12,20,3,32768,"None",32,"Local 1",2174.73936256688
1009,787,"wordcount","ETH","SSD",12,20,3,32768,"None",32,"Local 1",686.211922722016
1002,1250,"kmeans","ETH","SSD",12,10,3,65536,"None",64,"Local 1",1240.7488312726
1000,1164,"bayes","ETH","SSD",12,10,3,65536,"None",256,"Local 1",1170.00237152301
999,2033,"pagerank","ETH","SSD",12,10,3,65536,"None",256,"Local 1",2008.26227409491
997,554,"wordcount","ETH","SSD",12,10,3,65536,"None",256,"Local 1",621.712963878856
994,1131,"bayes","ETH","SSD",12,10,3,65536,"None",128,"Local 1",1093.87691247896
991,585,"wordcount","ETH","SSD",12,10,3,65536,"None",128,"Local 1",633.625841473687
981,2035,"pagerank","ETH","SSD",12,10,3,4096,"None",64,"Local 1",2102.77051251126
973,1053,"terasort","ETH","SSD",12,10,3,131072,"None",64,"Local 1",1073.54977598646
972,1052,"terasort","ETH","SSD",12,10,3,131072,"None",256,"Local 1",1074.59972023093
968,1026,"terasort","ETH","SSD",12,10,3,32768,"None",256,"Local 1",1042.50175035968
966,1006,"terasort","ETH","SSD",12,10,3,32768,"None",32,"Local 1",1040.58439972057
961,1069,"terasort","ETH","SSD",12,5,3,4096,"None",64,"Local 1",1032.0898982361
960,1076,"terasort","ETH","SSD",12,5,3,4096,"None",256,"Local 1",1033.13984248057
959,1088,"terasort","ETH","SSD",12,5,3,4096,"None",128,"Local 1",1032.43987965092
954,1019,"terasort","ETH","SSD",12,5,3,131072,"None",32,"Local 1",1072.68236959181
947,1039,"terasort","ETH","SSD",12,50,1,65536,"None",128,"Local 1",1050.67419547699
938,1035,"terasort","ETH","SSD",12,50,1,131072,"None",32,"Local 1",1053.15864894449
930,1033,"terasort","ETH","SSD",12,20,1,65536,"None",32,"Local 1",1053.15864894449
928,1070,"terasort","ETH","SSD",12,20,1,4096,"None",256,"Local 1",1047.36159085365
923,1085,"terasort","ETH","SSD",12,20,1,131072,"None",32,"Local 1",1053.15864894449
922,1059,"terasort","ETH","SSD",12,20,1,32768,"None",64,"Local 1",1052.33049778866
916,1025,"terasort","ETH","SSD",12,10,1,65536,"None",128,"Local 1",1074.39088584726
915,1029,"terasort","ETH","SSD",12,10,1,65536,"None",32,"Local 1",1073.1734980378
907,1015,"terasort","ETH","SSD",12,10,1,131072,"None",32,"Local 1",1094.57214461863
905,1050,"terasort","ETH","SSD",12,10,1,32768,"None",256,"Local 1",1064.3915253865
903,1008,"terasort","ETH","SSD",12,10,1,32768,"None",32,"Local 1",1062.47417474738
898,1057,"terasort","ETH","SSD",12,5,1,4096,"None",64,"Local 1",1053.97967326291
892,1040,"terasort","ETH","SSD",12,5,1,131072,"None",128,"Local 1",1095.78953242809
890,1033,"terasort","ETH","SSD",12,5,1,32768,"None",64,"Local 1",1063.34158114203
884,965,"terasort","IB","SSD",12,50,3,65536,"None",128,"Local 1",1013.63495514305
880,1000,"terasort","IB","SSD",12,50,3,4096,"None",128,"Local 1",1013.63495514305
872,996,"terasort","IB","SSD",12,50,3,32768,"None",128,"Local 1",1013.63495514305
871,946,"terasort","IB","SSD",12,50,3,32768,"None",32,"Local 1",1016.11940861055
867,1044,"terasort","IB","SSD",12,20,3,65536,"None",32,"Local 1",1016.11940861055
862,1010,"terasort","IB","SSD",12,20,3,131072,"None",64,"Local 1",1015.29125745471
861,950,"terasort","IB","SSD",12,20,3,131072,"None",256,"Local 1",1010.32235051971
860,977,"terasort","IB","SSD",12,20,3,131072,"None",128,"Local 1",1013.63495514305
846,940,"terasort","IB","SSD",12,10,3,131072,"None",64,"Local 1",1035.32364115347
843,968,"terasort","IB","SSD",12,10,3,131072,"None",32,"Local 1",1034.45623475883
840,998,"terasort","IB","SSD",12,10,3,32768,"None",128,"Local 1",1003.57565269705
838,968,"terasort","IB","SSD",12,5,3,65536,"None",64,"Local 1",1013.92499457264
830,944,"terasort","IB","SSD",12,5,3,131072,"None",256,"Local 1",1036.37358539794
828,983,"terasort","IB","SSD",12,5,3,131072,"None",32,"Local 1",1034.45623475883
826,910,"terasort","IB","SSD",12,5,3,32768,"None",256,"Local 1",1004.2756155267
824,985,"terasort","IB","SSD",12,5,3,32768,"None",32,"Local 1",1002.35826488758
823,961,"terasort","IB","SSD",12,50,1,65536,"None",64,"Local 1",1023.30459388034
818,1005,"terasort","IB","SSD",12,50,1,4096,"None",256,"Local 1",1018.33568694533
817,1006,"terasort","IB","SSD",12,50,1,4096,"None",128,"Local 1",1021.64829156867
814,984,"terasort","IB","SSD",12,50,1,131072,"None",256,"Local 1",1018.33568694533
809,977,"terasort","IB","SSD",12,50,1,32768,"None",128,"Local 1",1021.64829156867
805,953,"terasort","IB","SSD",12,20,1,65536,"None",128,"Local 1",1021.64829156867
802,1006,"terasort","IB","SSD",12,20,1,4096,"None",256,"Local 1",1018.33568694533
798,949,"terasort","IB","SSD",12,20,1,131072,"None",256,"Local 1",1018.33568694533
796,974,"terasort","IB","SSD",12,20,1,131072,"None",32,"Local 1",1024.13274503618
795,940,"terasort","IB","SSD",12,20,1,32768,"None",64,"Local 1",1023.30459388034
794,946,"terasort","IB","SSD",12,20,1,32768,"None",256,"Local 1",1018.33568694533
791,949,"terasort","IB","SSD",12,10,1,65536,"None",64,"Local 1",1035.81476959945
783,970,"terasort","IB","SSD",12,10,1,131072,"None",64,"Local 1",1057.21341618028
773,964,"terasort","IB","SSD",12,5,1,65536,"None",128,"Local 1",1036.16475101428
769,1000,"terasort","IB","SSD",12,5,1,4096,"None",128,"Local 1",1016.10351984475
767,963,"terasort","IB","SSD",12,5,1,131072,"None",64,"Local 1",1057.21341618028
766,980,"terasort","IB","SSD",12,5,1,131072,"None",256,"Local 1",1058.26336042476
765,914,"terasort","IB","SSD",12,5,1,131072,"None",128,"Local 1",1057.56339759511
764,944,"terasort","IB","SSD",12,5,1,131072,"None",32,"Local 1",1056.34600978564
763,928,"terasort","IB","SSD",12,5,1,32768,"None",64,"Local 1",1025.11544630904
762,960,"terasort","IB","SSD",12,5,1,32768,"None",256,"Local 1",1026.16539055351
760,915,"terasort","IB","SSD",12,5,1,32768,"None",32,"Local 1",1024.2480399144
749,3351,"dfsioe_read","ETH","HDD",16,10,3,65536,"None",64,"Local 1",3561.43042089388
747,4899,"dfsioe_write","ETH","HDD",12,10,3,65536,"ZLIB",64,"Local 1",4026.31583299843
742,2798,"dfsioe_write","ETH","HDD",24,10,2,65536,"ZLIB",64,"Local 1",2352.21558741301
738,2452,"dfsioe_read","ETH","HDD",24,10,2,65536,"None",64,"Local 1",2881.67343315642
733,2600,"dfsioe_write","ETH","HDD",16,10,2,65536,"None",64,"Local 1",2340.14621567597
727,2218,"dfsioe_write","ETH","HDD",12,10,2,65536,"None",64,"Local 1",2365.80734747002
718,2431,"dfsioe_read","ETH","HDD",16,10,1,65536,"ZLIB",64,"Local 1",4071.39239408885
708,5346,"dfsioe_write","IB","HDD",24,10,3,65536,"ZLIB",64,"Local 1",4071.63655320828
702,3692,"dfsioe_write","IB","HDD",16,10,3,65536,"ZLIB",64,"Local 1",4122.95881679638
701,2932,"dfsioe_read","IB","HDD",16,10,3,65536,"ZLIB",64,"Local 1",3561.43042089388
699,5033,"dfsioe_write","IB","HDD",16,10,3,65536,"None",64,"Local 1",4059.56718147125
695,3194,"dfsioe_read","IB","HDD",12,10,3,65536,"ZLIB",64,"Local 1",5123.11454341843
690,2438,"dfsioe_read","IB","HDD",24,10,2,65536,"ZLIB",64,"Local 1",2881.67343315642
673,2743,"dfsioe_read","IB","HDD",24,10,1,65536,"ZLIB",64,"Local 1",3136.6544197539
659,1198,"dfsioe_write","IB","HDD",12,10,1,65536,"None",64,"Local 1",1543.72241015597
657,2589,"dfsioe_write","ETH","SSD",24,10,3,65536,"ZLIB",64,"Local 1",1333.98285934277
654,2621,"dfsioe_write","ETH","SSD",24,10,3,65536,"None",64,"Local 1",1341.98989083125
647,498,"dfsioe_read","ETH","SSD",16,10,3,65536,"None",64,"Local 1",1010.5253058224
640,1747,"dfsioe_write","ETH","SSD",24,10,2,65536,"ZLIB",64,"Local 1",1229.42032684451
628,1360,"dfsioe_write","ETH","SSD",12,10,2,65536,"ZLIB",64,"Local 1",1281.97750440485
625,1400,"dfsioe_write","ETH","SSD",12,10,2,65536,"None",64,"Local 1",1289.98453589334
606,937,"dfsioe_write","IB","SSD",24,10,3,65536,"ZLIB",64,"Local 1",725.114884657219
603,688,"dfsioe_write","IB","SSD",24,10,3,65536,"None",64,"Local 1",733.121916145706
597,683,"dfsioe_write","IB","SSD",16,10,3,65536,"None",64,"Local 1",768.16003451927
596,532,"dfsioe_read","IB","SSD",16,10,3,65536,"None",64,"Local 1",699.583520579837
580,572,"dfsioe_write","IB","SSD",16,10,2,65536,"None",64,"Local 1",663.597502021009
574,497,"dfsioe_write","IB","SSD",12,10,2,65536,"None",64,"Local 1",681.116561207791
568,583,"dfsioe_read","IB","SSD",24,10,1,65536,"None",64,"Local 1",936.967815514444
563,394,"dfsioe_write","IB","SSD",16,10,1,65536,"None",64,"Local 1",532.961928938655
557,400,"dfsioe_write","IB","SSD",12,10,1,65536,"None",64,"Local 1",550.480988125437
555,3283,"terasort","ETH","HDD",24,10,3,65536,"ZLIB",64,"Local 1",4180.81421226733
554,3194,"terasort","ETH","HDD",24,10,3,65536,"None",64,"Local 1",4180.81421226733
550,4128,"terasort","ETH","HDD",12,10,3,65536,"None",64,"Local 1",4397.64620290572
547,5671,"terasort","ETH","HDD",16,10,2,65536,"ZLIB",64,"Local 1",4087.60604225401
545,5516,"terasort","ETH","HDD",12,10,2,65536,"ZLIB",64,"Local 1",4159.88337246681
539,4490,"terasort","ETH","HDD",12,10,1,65536,"ZLIB",64,"Local 1",3922.12054202789
538,4260,"terasort","ETH","HDD",12,10,1,65536,"None",64,"Local 1",3922.12054202789
537,3449,"terasort","IB","HDD",24,10,3,65536,"ZLIB",64,"Local 1",4180.81421226733
535,4369,"terasort","IB","HDD",16,10,3,65536,"ZLIB",64,"Local 1",4325.36887269293
531,2989,"terasort","IB","HDD",24,10,2,65536,"ZLIB",64,"Local 1",3943.05138182841
521,5307,"terasort","IB","HDD",12,10,1,65536,"ZLIB",64,"Local 1",3922.12054202789
520,4662,"terasort","IB","HDD",12,10,1,65536,"None",64,"Local 1",3922.12054202789
518,801,"terasort","ETH","SSD",24,10,3,65536,"None",64,"Local 1",806.888029386582
517,922,"terasort","ETH","SSD",16,10,3,65536,"ZLIB",64,"Local 1",882.78803539726
513,768,"terasort","ETH","SSD",24,10,2,65536,"ZLIB",64,"Local 1",785.553569825446
510,877,"terasort","ETH","SSD",16,10,2,65536,"None",64,"Local 1",926.012269985209
508,969,"terasort","ETH","SSD",12,10,2,65536,"None",64,"Local 1",1063.09601691903
504,955,"terasort","ETH","SSD",16,10,1,65536,"None",64,"Local 1",936.957157498616
503,1025,"terasort","ETH","SSD",12,10,1,65536,"ZLIB",64,"Local 1",1041.7615573579
496,839,"terasort","IB","SSD",12,10,3,65536,"None",64,"Local 1",1013.92499457264
495,725,"terasort","IB","SSD",24,10,2,65536,"ZLIB",64,"Local 1",747.32743499246
491,1126,"terasort","IB","SSD",12,10,2,65536,"ZLIB",64,"Local 1",992.590535011505
486,950,"terasort","IB","SSD",16,10,1,65536,"ZLIB",64,"Local 1",866.451675591087
482,1058,"kmeans","ETH","HDD",24,10,3,65536,"ZLIB",64,"Local 1",974.882877569277
472,1211,"kmeans","ETH","HDD",12,10,2,65536,"ZLIB",64,"Local 1",1400.98600217496
470,978,"kmeans","ETH","HDD",24,10,1,65536,"ZLIB",64,"Local 1",757.578770085401
469,975,"kmeans","ETH","HDD",24,10,1,65536,"None",64,"Local 1",765.984713848698
468,899,"kmeans","ETH","HDD",16,10,1,65536,"ZLIB",64,"Local 1",1023.14697385697
467,1070,"kmeans","ETH","HDD",16,10,1,65536,"None",64,"Local 1",1031.55291762026
466,1197,"kmeans","ETH","HDD",12,10,1,65536,"ZLIB",64,"Local 1",1292.33394843302
464,1056,"kmeans","IB","HDD",24,10,3,65536,"ZLIB",64,"Local 1",1024.52138697905
458,656,"kmeans","IB","HDD",24,10,2,65536,"ZLIB",64,"Local 1",915.869333237107
456,358,"kmeans","IB","HDD",16,10,2,65536,"ZLIB",64,"Local 1",1181.43753700867
455,1067,"kmeans","IB","HDD",16,10,2,65536,"None",64,"Local 1",1189.84348077197
451,978,"kmeans","IB","HDD",24,10,1,65536,"None",64,"Local 1",815.623223258466
447,1183,"kmeans","IB","HDD",12,10,1,65536,"None",64,"Local 1",1350.37840160609
445,1074,"kmeans","ETH","SSD",24,10,3,65536,"None",64,"Local 1",997.265817335105
438,1089,"kmeans","ETH","SSD",16,10,2,65536,"ZLIB",64,"Local 1",1043.78896162657
436,1196,"kmeans","ETH","SSD",12,10,2,65536,"ZLIB",64,"Local 1",1143.60416517308
435,1209,"kmeans","ETH","SSD",12,10,2,65536,"None",64,"Local 1",1236.39478911764
429,800,"kmeans","ETH","SSD",12,10,1,65536,"None",64,"Local 1",1232.04074696267
428,990,"kmeans","IB","SSD",24,10,3,65536,"ZLIB",64,"Local 1",846.299763297742
424,1202,"kmeans","IB","SSD",12,10,3,65536,"ZLIB",64,"Local 1",1039.82493633035
421,974,"kmeans","IB","SSD",24,10,2,65536,"None",64,"Local 1",908.180572399566
418,1193,"kmeans","IB","SSD",12,10,2,65536,"ZLIB",64,"Local 1",1035.47089417539
417,995,"kmeans","IB","SSD",12,10,2,65536,"None",64,"Local 1",1128.26151811994
412,989,"kmeans","IB","SSD",12,10,1,65536,"ZLIB",64,"Local 1",1031.11685202042
408,513,"wordcount","ETH","HDD",24,10,3,65536,"ZLIB",64,"Local 1",526.349710260312
407,513,"wordcount","ETH","HDD",24,10,3,65536,"None",64,"Local 1",577.427659107514
404,701,"wordcount","ETH","HDD",12,10,3,65536,"ZLIB",64,"Local 1",862.754175726433
401,516,"wordcount","ETH","HDD",24,10,2,65536,"None",64,"Local 1",571.87545394878
399,618,"wordcount","ETH","HDD",16,10,2,65536,"None",64,"Local 1",739.589875111458
390,516,"wordcount","IB","HDD",24,10,3,65536,"ZLIB",64,"Local 1",526.349710260312
388,613,"wordcount","IB","HDD",16,10,3,65536,"ZLIB",64,"Local 1",694.06413142299
380,700,"wordcount","IB","HDD",12,10,2,65536,"ZLIB",64,"Local 1",857.2019705677
379,705,"wordcount","IB","HDD",12,10,2,65536,"None",64,"Local 1",898.595920051186
378,475,"wordcount","IB","HDD",24,10,1,65536,"ZLIB",64,"Local 1",515.245299942845
372,522,"wordcount","ETH","SSD",24,10,3,65536,"ZLIB",64,"Local 1",437.734103965443
369,618,"wordcount","ETH","SSD",16,10,3,65536,"None",64,"Local 1",595.807883586242
368,703,"wordcount","ETH","SSD",12,10,3,65536,"ZLIB",64,"Local 1",649.921927190092
367,700,"wordcount","ETH","SSD",12,10,3,65536,"None",64,"Local 1",671.6098772029
362,693,"wordcount","ETH","SSD",12,10,2,65536,"ZLIB",64,"Local 1",644.369722031358
358,820,"wordcount","ETH","SSD",16,10,1,65536,"ZLIB",64,"Local 1",563.015523255966
356,689,"wordcount","ETH","SSD",12,10,1,65536,"ZLIB",64,"Local 1",638.817516872624
355,693,"wordcount","ETH","SSD",12,10,1,65536,"None",64,"Local 1",660.505466885433
354,519,"wordcount","IB","SSD",24,10,3,65536,"ZLIB",64,"Local 1",437.734103965443
351,594,"wordcount","IB","SSD",16,10,3,65536,"None",64,"Local 1",595.807883586242
342,506,"wordcount","IB","SSD",24,10,1,65536,"ZLIB",64,"Local 1",426.629693647976
335,1480,"pagerank","IB","SSD",24,10,1,65536,"None",64,"Local 1",1850.28598576628
329,1709,"dfsioe_read","IB","SSD",24,10,1,65536,"None",64,"Local 1",936.967815514444
325,868,"terasort","IB","SSD",24,10,1,65536,"None",64,"Local 1",790.551669580409
320,6806,"dfsioe_read","ETH","HDD",12,10,1,65536,"None",32,"Local 1",5914.445665808
314,791,"wordcount","ETH","HDD",12,10,1,65536,"None",32,"Local 1",917.065762879129
311,1999,"hivebench_join","IB","HDD",12,10,1,65536,"None",32,"Local 1",1313.33174289944
309,1147,"bayes","IB","HDD",12,10,1,65536,"None",32,"Local 1",1108.89734978103
307,1514,"kmeans","IB","HDD",12,10,1,65536,"None",32,"Local 1",1347.32523980975
300,2115,"pagerank","ETH","SSD",12,10,1,65536,"None",32,"Local 1",2166.03127825695
295,508,"dfsioe_write","IB","SSD",12,10,1,65536,"None",32,"Local 1",555.016081147825
292,1471,"hivebench_agregation","IB","SSD",12,10,1,65536,"None",32,"Local 1",1142.31735224119
282,2043,"pagerank","ETH","HDD",12,10,1,65536,"None",64,"Local 1",2035.39688900604
274,2256,"hivebench_agregation","IB","HDD",12,10,1,65536,"None",64,"Local 1",1350.37840160609
270,4671,"terasort","IB","HDD",12,10,1,65536,"None",64,"Local 1",3922.12054202789
265,1100,"bayes","ETH","SSD",12,10,1,65536,"None",64,"Local 1",1044.70977263947
264,2071,"pagerank","ETH","SSD",12,10,1,65536,"None",64,"Local 1",2094.06242820133
263,1256,"kmeans","ETH","SSD",12,10,1,65536,"None",64,"Local 1",1232.04074696267
257,1285,"hivebench_join","IB","SSD",12,10,1,65536,"None",64,"Local 1",1249.14416575788
256,1410,"hivebench_agregation","IB","SSD",12,10,1,65536,"None",64,"Local 1",1123.90747596498
255,1146,"bayes","IB","SSD",12,10,1,65536,"None",64,"Local 1",1044.70977263947
247,1154,"bayes","ETH","HDD",12,10,1,65536,"None",128,"Local 1",1165.99144406407
242,584,"wordcount","ETH","HDD",12,10,1,65536,"None",128,"Local 1",960.076531684961
241,1410,"dfsioe_write","IB","HDD",12,10,1,65536,"None",128,"Local 1",1620.4603157818
230,3039,"dfsioe_read","ETH","SSD",12,10,1,65536,"None",128,"Local 1",1689.27061634814
224,587,"wordcount","ETH","SSD",12,10,1,65536,"None",128,"Local 1",622.52143115622
213,1290,"dfsioe_write","ETH","HDD",12,10,1,65536,"None",256,"Local 1",1697.18557191337
205,1209,"dfsioe_write","IB","HDD",12,10,1,65536,"None",256,"Local 1",1773.93612703346
204,6335,"dfsioe_read","IB","HDD",12,10,1,65536,"None",256,"Local 1",6349.52685344292
202,2000,"hivebench_agregation","IB","HDD",12,10,1,65536,"None",256,"Local 1",1400.87375998699
201,1209,"bayes","IB","HDD",12,10,1,65536,"None",256,"Local 1",1242.11690310811
199,1147,"kmeans","IB","HDD",12,10,1,65536,"None",256,"Local 1",1400.87375998699
198,3906,"terasort","IB","HDD",12,10,1,65536,"None",256,"Local 1",4314.99589086173
185,1260,"hivebench_join","IB","SSD",12,10,1,65536,"None",256,"Local 1",1363.33235432395
180,1103,"terasort","IB","SSD",12,10,1,65536,"None",256,"Local 1",1036.86471384393
177,1378,"dfsioe_write","ETH","HDD",12,10,1,65536,"Snappy",0,"Local 1",1436.68552300596
174,1253,"dfsioe_write","IB","HDD",12,10,1,65536,"Snappy",0,"Local 1",1513.43607812604
165,276,"hivebench_join","IB","SSD",12,10,1,65536,"Snappy",0,"Local 1",1215.57863143261
164,970,"terasort","IB","SSD",12,10,1,65536,"Snappy",0,"Local 1",979.623067745992
151,272,"hivebench_join","IB","SSD",12,10,1,65536,"BZIP2",0,"Local 1",1215.57863143261
150,1000,"terasort","IB","SSD",12,10,1,65536,"BZIP2",0,"Local 1",979.623067745992
149,1250,"dfsioe_write","ETH","HDD",12,10,1,65536,"ZLIB",0,"Local 1",1412.09561251737
144,3705,"terasort","ETH","HDD",12,10,1,65536,"ZLIB",0,"Local 1",3791.16209241661
137,1211,"bayes","IB","HDD",12,10,1,65536,"ZLIB",0,"Local 1",1076.72178940216
136,3371,"pagerank","IB","HDD",12,10,1,65536,"ZLIB",0,"Local 1",2124.21699489087
135,1079,"kmeans","IB","HDD",12,10,1,65536,"ZLIB",0,"Local 1",1335.86613425012
134,3310,"terasort","IB","HDD",12,10,1,65536,"ZLIB",0,"Local 1",3791.16209241661
121,589,"hivebench_join","IB","SSD",12,10,1,65536,"ZLIB",0,"Local 1",1197.93724061799
119,1233,"bayes","IB","SSD",12,10,1,65536,"ZLIB",0,"Local 1",993.502847499581
113,1254,"dfsioe_write","ETH","HDD",12,10,1,65536,"None",0,"Local 1",1390.23394941005
112,5470,"dfsioe_read","ETH","HDD",12,10,1,65536,"None",0,"Local 1",5852.29121043158
110,2029,"pagerank","ETH","HDD",12,10,1,65536,"None",0,"Local 1",2025.60477666347
105,1183,"dfsioe_write","IB","HDD",12,10,1,65536,"None",0,"Local 1",1466.98450453014
102,2109,"hivebench_agregation","IB","HDD",12,10,1,65536,"None",0,"Local 1",1344.27207801341
101,1135,"bayes","IB","HDD",12,10,1,65536,"None",0,"Local 1",1089.86598502002
96,662,"wordcount","IB","HDD",12,10,1,65536,"None",0,"Local 1",819.549798640698
95,420,"dfsioe_write","ETH","SSD",12,10,1,65536,"None",0,"Local 1",831.076730969852
94,3379,"dfsioe_read","ETH","SSD",12,10,1,65536,"None",0,"Local 1",2020.82604951782
87,464,"dfsioe_write","IB","SSD",12,10,1,65536,"None",0,"Local 1",559.551174170213
84,1421,"hivebench_agregation","IB","SSD",12,10,1,65536,"None",0,"Local 1",1160.7272285174
80,840,"terasort","IB","SSD",12,10,1,65536,"None",0,"Local 1",965.935430547154
73,2679,"terasort","ETH","HDD",24,1,1,65536,"None",0,"Local 1",3622.69973729016
72,649,"terasort","IB","SSD",24,100,1,65536,"None",0,"Local 1",718.640415288128
67,670,"terasort","IB","SSD",24,1,1,65536,"None",0,"Local 1",792.207971892078
66,826,"terasort","ETH","SSD",32,10,1,65536,"None",0,"Local 1",722.254753639845
64,653,"terasort","IB","SSD",24,10,1,131072,"None",0,"Local 1",969.570219077474
61,687,"terasort","IB","SSD",24,10,1,4096,"None",0,"Local 1",625.930865155769
59,789,"terasort","IB","SSD",32,10,1,65536,"None",0,"Local 1",684.028618806858
56,552,"hivebench_join","IB","SSD",24,10,1,4096,"None",0,"Local 1",1150.61384983029
54,1266,"bayes","IB","SSD",24,10,1,4096,"None",0,"Local 1",946.179456711883
53,1471,"pagerank","IB","SSD",24,10,1,4096,"None",0,"Local 1",1850.13059484378
43,846,"terasort","IB","SSD",32,10,1,65536,"None",0,"Local 1",684.028618806858
39,759,"hivebench_agregation","IB","SSD",12,10,1,4096,"None",0,"Local 1",1160.7272285174
33,544,"wordcount","IB","SSD",12,10,1,4096,"None",0,"Local 1",648.914323987051
26,738,"terasort","ETH","SSD",24,100,1,65536,"None",0,"Local 1",747.666319196444
18,850,"terasort","ETH","SSD",12,100,1,65536,"None",0,"Local 1",1053.98680010033
15,678,"terasort","IB","SSD",24,10,3,65536,"None",0,"Local 1",770.318196865264
1041,2018,"pagerank","ETH","SSD",12,20,3,131072,"None",128,"Local 1",2071.26776637248
1088,2019,"pagerank","ETH","SSD",12,20,3,65536,"None",128,"Local 1",2071.26776637248
